1,Wilbert,Curt Rhea Cremin Jr.,Ashleigh,669,669,635.55,602.1,https://life.gjirafa.com/1.jpg,9,2
2,Alanis,Alfredo Bradtke,Jessie,813,813,772.35,731.7,https://life.gjirafa.com/1.jpg,8,4
3,Hattie,Candida Sipes,Ruben,864,864,820.8,777.6,https://life.gjirafa.com/1.jpg,5,5
4,Mike,Herminia Auer,Cesar,26,26,24.7,23.4,https://life.gjirafa.com/1.jpg,8,3
5,Jaqueline,Sean Quigley,Royce,247,247,234.65,222.3,https://life.gjirafa.com/1.jpg,9,2
6,Liam,Aurelie Reynolds,Sheila,607,607,576.65,546.3,https://life.gjirafa.com/1.jpg,9,1
7,Fabiola,Felton Braun,Milford,322,322,305.9,289.8,https://life.gjirafa.com/1.jpg,1,5
8,Maurice,Mr. Nelle Hoeger,Maya,27,27,25.65,24.3,https://life.gjirafa.com/1.jpg,5,1
9,Brionna,Mr. Marlin Francis Bechtelar,Evalyn,152,152,144.4,136.8,https://life.gjirafa.com/1.jpg,1,3
10,Samanta,Eladio Keeling,Roxane,192,192,182.4,172.8,https://life.gjirafa.com/1.jpg,5,4
11,Sydni,Francisco Olson,Ila,615,615,584.25,553.5,https://life.gjirafa.com/1.jpg,5,5
12,Austyn,Mathew Mayer,Adolphus,198,198,188.1,178.2,https://life.gjirafa.com/1.jpg,6,2
13,Dahlia,Mr. Ashley Blaise Hagenes III,Zack,893,893,848.35,803.7,https://life.gjirafa.com/1.jpg,3,5
14,Celestino,Ms. Abigail Kaitlin Crist DDS,Richie,460,460,437,414,https://life.gjirafa.com/1.jpg,3,1
15,Johathan,Imelda Baumbach,Clinton,909,909,863.55,818.1,https://life.gjirafa.com/1.jpg,10,3
16,Hassie,Jonatan Terry Sr.,Newton,355,355,337.25,319.5,https://life.gjirafa.com/1.jpg,5,2
17,Nikko,Cielo Kunde,Dakota,877,877,833.15,789.3,https://life.gjirafa.com/1.jpg,7,2
18,Sigrid,Mrs. Amber Feest,Freeman,317,317,301.15,285.3,https://life.gjirafa.com/1.jpg,10,2
19,Luis,Mrs. Haven Delphine Jacobi,Sophie,426,426,404.7,383.4,https://life.gjirafa.com/1.jpg,6,2
20,Lulu,Dr. Leo Dandre Kutch,Eudora,995,995,945.25,895.5,https://life.gjirafa.com/1.jpg,9,2
21,Clay,Franco O'Hara,Rupert,955,955,907.25,859.5,https://life.gjirafa.com/1.jpg,3,2
22,Linnie,Rodolfo Orn,Tess,842,842,799.9,757.8,https://life.gjirafa.com/1.jpg,1,1
23,Wilber,Ethyl Lakin,Jevon,805,805,764.75,724.5,https://life.gjirafa.com/1.jpg,1,3
24,Newell,Nathanial Gutmann,Houston,330,330,313.5,297,https://life.gjirafa.com/1.jpg,3,1
25,Marquis,Schuyler Barton,Steve,695,695,660.25,625.5,https://life.gjirafa.com/1.jpg,4,5
26,Nathan,Ms. Eladio Rutherford I,Gladys,774,774,735.3,696.6,https://life.gjirafa.com/1.jpg,2,2
27,Gustave,Dolly Lehner,Laurence,151,151,143.45,135.9,https://life.gjirafa.com/1.jpg,4,5
28,Norberto,Ivah Stoltenberg,Leopold,892,892,847.4,802.8,https://life.gjirafa.com/1.jpg,7,2
29,Therese,Courtney Mueller,Cordell,72,72,68.4,64.8,https://life.gjirafa.com/1.jpg,2,2
30,Ashton,Annetta Ziemann,Saul,991,991,941.45,891.9,https://life.gjirafa.com/1.jpg,10,2
31,Abdul,Dr. Savanna Wintheiser,Lisa,352,352,334.4,316.8,https://life.gjirafa.com/1.jpg,8,1
32,Cassie,Diamond Stroman Sr.,Raleigh,351,351,333.45,315.9,https://life.gjirafa.com/1.jpg,10,4
33,Eudora,Rubye Vandervort,Randi,318,318,302.1,286.2,https://life.gjirafa.com/1.jpg,8,5
34,Vicenta,Assunta Dickens DVM,Damian,619,619,588.05,557.1,https://life.gjirafa.com/1.jpg,1,4
35,Rigoberto,Dr. Eleanore Pagac,Kieran,486,486,461.7,437.4,https://life.gjirafa.com/1.jpg,7,1
36,Heather,Angie Runte V,Maxine,294,294,279.3,264.6,https://life.gjirafa.com/1.jpg,4,3
37,Dominique,Cleve Jewess I,Caleigh,453,453,430.35,407.7,https://life.gjirafa.com/1.jpg,4,1
38,Chet,Mrs. Clementina Rick Schmeler,Marcelina,639,639,607.05,575.1,https://life.gjirafa.com/1.jpg,10,2
39,Flavie,Rashawn Schoen,Abbie,785,785,745.75,706.5,https://life.gjirafa.com/1.jpg,7,4
40,Yasmine,Kamille Kreiger,Joany,185,185,175.75,166.5,https://life.gjirafa.com/1.jpg,8,2
41,Brooks,Anita Hermiston,Britney,66,66,62.7,59.4,https://life.gjirafa.com/1.jpg,2,3
42,Myrtis,Geovany Carroll,Nyah,86,86,81.7,77.4,https://life.gjirafa.com/1.jpg,10,5
43,Wilford,Piper Dickinson IV,Lottie,324,324,307.8,291.6,https://life.gjirafa.com/1.jpg,10,3
44,Cleve,Arnold Crooks,Samara,174,174,165.3,156.6,https://life.gjirafa.com/1.jpg,7,4
45,Prince,Vidal Marilie Goodwin IV,Sienna,577,577,548.15,519.3,https://life.gjirafa.com/1.jpg,3,2
46,Ethan,Domingo Larkin,Modesta,532,532,505.4,478.8,https://life.gjirafa.com/1.jpg,3,3
47,Lois,Isidro Huel,Manuel,960,960,912,864,https://life.gjirafa.com/1.jpg,1,5
48,Rozella,Maymie Nienow,Zachariah,665,665,631.75,598.5,https://life.gjirafa.com/1.jpg,5,4
49,Archibald,Jamal Beer,Leanna,425,425,403.75,382.5,https://life.gjirafa.com/1.jpg,1,5
50,Marielle,Ryder Smith,Mabel,257,257,244.15,231.3,https://life.gjirafa.com/1.jpg,8,5
51,Lon,Miss Berta Germaine Hoeger DDS,Clifton,351,351,333.45,315.9,https://life.gjirafa.com/1.jpg,10,2
52,Kristoffer,Miss Makayla Lang PhD,Efren,909,909,863.55,818.1,https://life.gjirafa.com/1.jpg,9,3
53,Tristin,Ivory Wiley Maggio V,Geovanny,616,616,585.2,554.4,https://life.gjirafa.com/1.jpg,2,3
54,Anibal,Brock Rutherford,Rachael,738,738,701.1,664.2,https://life.gjirafa.com/1.jpg,1,5
55,Maxine,Libbie Douglas,Loraine,495,495,470.25,445.5,https://life.gjirafa.com/1.jpg,10,3
56,Cierra,Luella Reichert,Daphnee,5,5,4.75,4.5,https://life.gjirafa.com/1.jpg,10,2
57,George,Kasandra Stark,Benton,383,383,363.85,344.7,https://life.gjirafa.com/1.jpg,4,5
58,Camryn,Miss Jayden Brooklyn Hamill,Kasandra,639,639,607.05,575.1,https://life.gjirafa.com/1.jpg,10,1
59,Noemy,Idella Boyer,Chet,429,429,407.55,386.1,https://life.gjirafa.com/1.jpg,2,4
60,America,Mrs. Cody Ora Koepp,Breanna,442,442,419.9,397.8,https://life.gjirafa.com/1.jpg,5,2
61,Brianne,Miss Josefa Towne,Tamara,168,168,159.6,151.2,https://life.gjirafa.com/1.jpg,5,3
62,Fermin,Colby Rice,Murray,145,145,137.75,130.5,https://life.gjirafa.com/1.jpg,1,5
63,Percy,Tre Ransom Becker II,Wilhelm,272,272,258.4,244.8,https://life.gjirafa.com/1.jpg,5,1
64,Kelvin,Ms. Giovanni Tatyana Huel II,Edwina,899,899,854.05,809.1,https://life.gjirafa.com/1.jpg,7,2
65,May,Ms. Sylvester Kessler,Clifford,918,918,872.1,826.2,https://life.gjirafa.com/1.jpg,9,1
66,Kenny,Eda Orn,Louisa,530,530,503.5,477,https://life.gjirafa.com/1.jpg,3,3
67,Florence,Marlene Buckridge,Ervin,832,832,790.4,748.8,https://life.gjirafa.com/1.jpg,7,3
68,Freddie,Miss Hunter Letitia Cruickshank I,Anabel,768,768,729.6,691.2,https://life.gjirafa.com/1.jpg,9,5
69,Zack,Elna D'Amore III,Christop,456,456,433.2,410.4,https://life.gjirafa.com/1.jpg,9,5
70,Candice,Ariane Marquardt PhD,Abigail,865,865,821.75,778.5,https://life.gjirafa.com/1.jpg,4,4
71,Marcelle,Maud Stamm,Ethan,37,37,35.15,33.3,https://life.gjirafa.com/1.jpg,3,2
72,Weldon,Dr. Jeramie Thaddeus Keebler,Kaylah,881,881,836.95,792.9,https://life.gjirafa.com/1.jpg,7,3
73,Alek,Keanu Upton,Trycia,490,490,465.5,441,https://life.gjirafa.com/1.jpg,10,3
74,Ashley,Miss Leonor Bartell,Kaci,13,13,12.35,11.7,https://life.gjirafa.com/1.jpg,6,3
75,Bertram,Ms. Herbert Sean Senger,Asha,749,749,711.55,674.1,https://life.gjirafa.com/1.jpg,4,2
76,Nasir,Dr. Miller Meggie Schumm,Corene,709,709,673.55,638.1,https://life.gjirafa.com/1.jpg,1,3
77,Oda,Gino DuBuque DVM,Darrell,233,233,221.35,209.7,https://life.gjirafa.com/1.jpg,2,5
78,Aniya,Albert Medhurst,Shaina,739,739,702.05,665.1,https://life.gjirafa.com/1.jpg,6,3
79,King,Mrs. Magdalen Cronin IV,Leonie,28,28,26.6,25.2,https://life.gjirafa.com/1.jpg,1,1
80,Johnathan,Ebba Gislason,Letha,973,973,924.35,875.7,https://life.gjirafa.com/1.jpg,5,2
81,Mia,Walter Jenkins,Cassandra,53,53,50.35,47.7,https://life.gjirafa.com/1.jpg,3,5
82,Deon,Prof. Chasity Bell Bogan I,Ally,513,513,487.35,461.7,https://life.gjirafa.com/1.jpg,10,1
83,Giuseppe,Ms. Audra Antoinette Rau,Keegan,431,431,409.45,387.9,https://life.gjirafa.com/1.jpg,5,5
84,Foster,Kiara Connelly,Elisha,408,408,387.6,367.2,https://life.gjirafa.com/1.jpg,8,3
85,Lester,Denis Sammy Ledner I,Shane,457,457,434.15,411.3,https://life.gjirafa.com/1.jpg,10,2
86,Zoie,Stephan Reynolds,Theresia,335,335,318.25,301.5,https://life.gjirafa.com/1.jpg,4,2
87,Elenora,Chanel Mosciski,Stone,298,298,283.1,268.2,https://life.gjirafa.com/1.jpg,3,1
88,Norene,Dr. Dewitt Mayer,Susanna,365,365,346.75,328.5,https://life.gjirafa.com/1.jpg,1,1
89,Demarcus,Dr. Golden Barton Jr.,Donny,587,587,557.65,528.3,https://life.gjirafa.com/1.jpg,4,1
90,Coleman,Eusebio Dixie Blick II,Antonette,447,447,424.65,402.3,https://life.gjirafa.com/1.jpg,10,4
91,Jeanne,Prof. Lavada Luettgen,Antonette,351,351,333.45,315.9,https://life.gjirafa.com/1.jpg,6,2
92,Oceane,Cortney Quigley,Mable,981,981,931.95,882.9,https://life.gjirafa.com/1.jpg,7,5
93,Genesis,Miss Jerrell Mohr DDS,Arne,461,461,437.95,414.9,https://life.gjirafa.com/1.jpg,3,3
94,Glenda,Rogelio Berge,Matilde,245,245,232.75,220.5,https://life.gjirafa.com/1.jpg,4,5
95,Estrella,Alene Bailey,Ole,40,40,38,36,https://life.gjirafa.com/1.jpg,5,5
96,Kirstin,Dr. Victoria Bins II,Kay,798,798,758.1,718.2,https://life.gjirafa.com/1.jpg,8,4
97,Georgiana,Ronaldo Mayert,Van,156,156,148.2,140.4,https://life.gjirafa.com/1.jpg,7,3
98,Aisha,Brannon Howe,Chet,444,444,421.8,399.6,https://life.gjirafa.com/1.jpg,7,5
99,Emile,Erna Purdy,Ramon,192,192,182.4,172.8,https://life.gjirafa.com/1.jpg,4,3
100,Queen,Velva Osinski V,Jewell,385,385,365.75,346.5,https://life.gjirafa.com/1.jpg,3,2
101,Shakira,Prof. Alejandra Akeem Cummerata,Elwyn,922,922,875.9,829.8,https://life.gjirafa.com/1.jpg,6,2
102,Adolf,Mrs. Lucio Salvador Feeney,Janis,194,194,184.3,174.6,https://life.gjirafa.com/1.jpg,3,5
103,Freddy,Craig Lebsack,Devyn,313,313,297.35,281.7,https://life.gjirafa.com/1.jpg,3,1
104,Whitney,Bernadette Pacocha,Florida,300,300,285,270,https://life.gjirafa.com/1.jpg,1,3
105,Willie,Jacynthe Dicki,Electa,270,270,256.5,243,https://life.gjirafa.com/1.jpg,10,3
106,Golda,Lou Hegmann,Tom,827,827,785.65,744.3,https://life.gjirafa.com/1.jpg,7,2
107,Ally,Karianne Vandervort,Barry,372,372,353.4,334.8,https://life.gjirafa.com/1.jpg,1,2
108,Anya,Arnoldo Hamill,Sincere,877,877,833.15,789.3,https://life.gjirafa.com/1.jpg,3,2
109,Emma,Camden Hettinger,Tobin,706,706,670.7,635.4,https://life.gjirafa.com/1.jpg,10,2
110,Branson,Darwin Batz,Winston,144,144,136.8,129.6,https://life.gjirafa.com/1.jpg,1,3
111,Jovanny,Murphy Kub,Rene,723,723,686.85,650.7,https://life.gjirafa.com/1.jpg,9,3
112,Quinton,Mr. Marisol Lesly Kuvalis I,Manley,266,266,252.7,239.4,https://life.gjirafa.com/1.jpg,3,1
113,Modesto,Loy Cole,Alvina,206,206,195.7,185.4,https://life.gjirafa.com/1.jpg,8,2
114,Kassandra,Carmen Dante Vandervort Jr.,Stewart,876,876,832.2,788.4,https://life.gjirafa.com/1.jpg,8,3
115,Easter,Billy Bradtke,Arnoldo,26,26,24.7,23.4,https://life.gjirafa.com/1.jpg,7,3
116,Triston,Prof. Zelda Elsa Harber Jr.,Ally,495,495,470.25,445.5,https://life.gjirafa.com/1.jpg,6,2
117,Ova,Keyon Wilderman,Collin,168,168,159.6,151.2,https://life.gjirafa.com/1.jpg,8,5
118,Brice,Sierra Pouros,Erick,993,993,943.35,893.7,https://life.gjirafa.com/1.jpg,3,2
119,Gideon,Katharina Hansen,Mafalda,607,607,576.65,546.3,https://life.gjirafa.com/1.jpg,4,3
120,Sonia,Ella Marks,Velma,678,678,644.1,610.2,https://life.gjirafa.com/1.jpg,7,5
121,Elmore,Gaston Monahan,Henderson,968,968,919.6,871.2,https://life.gjirafa.com/1.jpg,6,4
122,Rolando,Dr. Giovanna Grant,Caden,707,707,671.65,636.3,https://life.gjirafa.com/1.jpg,2,1
123,Chad,Ms. Marina Roscoe Huels,Alf,154,154,146.3,138.6,https://life.gjirafa.com/1.jpg,6,4
124,Vinnie,Claudia Schneider,Matilda,835,835,793.25,751.5,https://life.gjirafa.com/1.jpg,4,4
125,Kaitlyn,Prof. Dena Block,Nasir,58,58,55.1,52.2,https://life.gjirafa.com/1.jpg,5,3
126,Toby,Pearl Pfeffer DDS,Tod,620,620,589,558,https://life.gjirafa.com/1.jpg,7,5
127,Rosetta,Brianne Doyle,Tom,882,882,837.9,793.8,https://life.gjirafa.com/1.jpg,1,3
128,Kacie,Lauryn Stracke,Reyna,94,94,89.3,84.6,https://life.gjirafa.com/1.jpg,3,2
129,Cicero,Leone Modesta Wyman DVM,Anya,151,151,143.45,135.9,https://life.gjirafa.com/1.jpg,2,2
130,Laney,Annette Senger,Anastacio,658,658,625.1,592.2,https://life.gjirafa.com/1.jpg,5,1
131,Thaddeus,Ms. Lafayette Steuber Jr.,Dawson,325,325,308.75,292.5,https://life.gjirafa.com/1.jpg,6,4
132,Brenden,Melody Denesik V,Evan,698,698,663.1,628.2,https://life.gjirafa.com/1.jpg,7,1
133,Tamia,Manuela Hintz,Gertrude,930,930,883.5,837,https://life.gjirafa.com/1.jpg,5,2
134,Erick,Dagmar Aufderhar,Camila,326,326,309.7,293.4,https://life.gjirafa.com/1.jpg,1,5
135,Manuela,Alf Farrell,Ezra,268,268,254.6,241.2,https://life.gjirafa.com/1.jpg,1,2
136,Cortney,Wiley Spencer,Anika,210,210,199.5,189,https://life.gjirafa.com/1.jpg,2,4
137,Shayne,Olen Green,Alayna,843,843,800.85,758.7,https://life.gjirafa.com/1.jpg,5,5
138,Mya,Raven Bode,Cathy,521,521,494.95,468.9,https://life.gjirafa.com/1.jpg,4,5
139,Leonie,Cletus Spencer,Rasheed,419,419,398.05,377.1,https://life.gjirafa.com/1.jpg,7,5
140,Keagan,Mrs. Lacey Jacobi V,Carroll,54,54,51.3,48.6,https://life.gjirafa.com/1.jpg,1,5
141,Keshaun,Orlando Bartoletti,Reid,644,644,611.8,579.6,https://life.gjirafa.com/1.jpg,9,5
142,Fay,Jazmin Hermiston,Sally,779,779,740.05,701.1,https://life.gjirafa.com/1.jpg,9,1
143,Brennan,Nakia Lolita Denesik IV,Christine,453,453,430.35,407.7,https://life.gjirafa.com/1.jpg,5,2
144,Isom,Sandrine Willms,Ayana,571,571,542.45,513.9,https://life.gjirafa.com/1.jpg,6,1
145,Leonard,Ressie Sauer,Sidney,251,251,238.45,225.9,https://life.gjirafa.com/1.jpg,4,4
146,Fleta,Matilde Mario Toy DVM,Kylee,131,131,124.45,117.9,https://life.gjirafa.com/1.jpg,3,5
147,Katrine,Mr. Barton Boehm,Eliane,186,186,176.7,167.4,https://life.gjirafa.com/1.jpg,1,1
148,Beth,Miss Nicolas Jordi Flatley,Keegan,710,710,674.5,639,https://life.gjirafa.com/1.jpg,10,3
149,Albina,Mr. Lauretta Yasmine Wilkinson,Shawna,505,505,479.75,454.5,https://life.gjirafa.com/1.jpg,9,2
150,Camylle,Elna Flatley MD,Adrianna,608,608,577.6,547.2,https://life.gjirafa.com/1.jpg,7,1
151,Anthony,Lauretta Reilly Jr.,Elda,520,520,494,468,https://life.gjirafa.com/1.jpg,10,1
152,Brooke,Pearl Wehner,Jaime,195,195,185.25,175.5,https://life.gjirafa.com/1.jpg,5,3
153,Ceasar,Mrs. Darius Mueller,Lula,792,792,752.4,712.8,https://life.gjirafa.com/1.jpg,7,5
154,Hugh,Mrs. Ahmad Jon Volkman DVM,Angela,957,957,909.15,861.3,https://life.gjirafa.com/1.jpg,3,5
155,Allen,Erna Stanton,Irma,421,421,399.95,378.9,https://life.gjirafa.com/1.jpg,7,1
156,Sherman,Elmer Boyer,Obie,511,511,485.45,459.9,https://life.gjirafa.com/1.jpg,3,5
157,Xzavier,Mr. Gaylord Murray Gibson,Derrick,448,448,425.6,403.2,https://life.gjirafa.com/1.jpg,7,3
158,Belle,Flo Mills,Hester,239,239,227.05,215.1,https://life.gjirafa.com/1.jpg,7,4
159,Deangelo,Karina Kertzmann,Sheldon,944,944,896.8,849.6,https://life.gjirafa.com/1.jpg,9,4
160,Winfield,Mr. Sincere Jedidiah DuBuque I,Kennith,355,355,337.25,319.5,https://life.gjirafa.com/1.jpg,3,5
161,Jazmin,Kaylee Leffler,Jon,276,276,262.2,248.4,https://life.gjirafa.com/1.jpg,8,1
162,Delores,Isac Stanton,Myron,940,940,893,846,https://life.gjirafa.com/1.jpg,2,5
163,Lenny,Miss Rosa Davis DDS,Eldora,468,468,444.6,421.2,https://life.gjirafa.com/1.jpg,4,3
164,Erling,Mike Romaguera,Colby,986,986,936.7,887.4,https://life.gjirafa.com/1.jpg,5,2
165,Orlo,Julian Tromp,Meredith,943,943,895.85,848.7,https://life.gjirafa.com/1.jpg,9,5
166,Angel,Jerad Bartoletti,Geovanny,603,603,572.85,542.7,https://life.gjirafa.com/1.jpg,7,5
167,Lane,Greta Hammes,Colt,862,862,818.9,775.8,https://life.gjirafa.com/1.jpg,9,1
168,Gennaro,Mr. Eusebio Kunde MD,Flossie,56,56,53.2,50.4,https://life.gjirafa.com/1.jpg,9,4
169,Tina,Mrs. Lempi Violet Swaniawski,Estevan,576,576,547.2,518.4,https://life.gjirafa.com/1.jpg,6,5
170,Glen,Rolando Runolfsdottir,Annette,652,652,619.4,586.8,https://life.gjirafa.com/1.jpg,1,4
171,Dixie,Darius Zboncak,Arturo,720,720,684,648,https://life.gjirafa.com/1.jpg,1,3
172,Tony,Rebeka Paucek,Kamron,432,432,410.4,388.8,https://life.gjirafa.com/1.jpg,5,3
173,Athena,Alessandro Cremin,Lysanne,384,384,364.8,345.6,https://life.gjirafa.com/1.jpg,6,3
174,Demetrius,Theo Altenwerth PhD,Annetta,118,118,112.1,106.2,https://life.gjirafa.com/1.jpg,9,3
175,Alexis,Salvador Lindgren,Rosalyn,712,712,676.4,640.8,https://life.gjirafa.com/1.jpg,10,4
176,Dorian,Miss Moriah Bartholome Stark Jr.,Maximillia,718,718,682.1,646.2,https://life.gjirafa.com/1.jpg,5,4
177,Jettie,Rosendo Grant,Alessandra,631,631,599.45,567.9,https://life.gjirafa.com/1.jpg,7,3
178,Abbie,Tyshawn Marvin,Meagan,976,976,927.2,878.4,https://life.gjirafa.com/1.jpg,2,5
179,Palma,Prof. Marlen Arnoldo Labadie DDS,Philip,837,837,795.15,753.3,https://life.gjirafa.com/1.jpg,6,5
180,Sheridan,Prof. Orin Addie Balistreri MD,Eino,339,339,322.05,305.1,https://life.gjirafa.com/1.jpg,4,5
181,Clare,Mrs. Edna O'Hara MD,Laurel,647,647,614.65,582.3,https://life.gjirafa.com/1.jpg,3,5
182,Katelyn,Alfred Baumbach,Zion,234,234,222.3,210.6,https://life.gjirafa.com/1.jpg,7,2
183,Devante,Dennis Schuster,Christy,134,134,127.3,120.6,https://life.gjirafa.com/1.jpg,6,5
184,Margot,Stephania Gutkowski,Chet,310,310,294.5,279,https://life.gjirafa.com/1.jpg,9,5
185,Electa,Miss Mathew Crona,Fiona,962,962,913.9,865.8,https://life.gjirafa.com/1.jpg,1,5
186,Josiah,Granville Mueller,Jaqueline,222,222,210.9,199.8,https://life.gjirafa.com/1.jpg,1,5
187,Jamel,Beau Bartell,Bernard,480,480,456,432,https://life.gjirafa.com/1.jpg,6,1
188,Leanna,Isobel Spinka,Jodie,286,286,271.7,257.4,https://life.gjirafa.com/1.jpg,7,5
189,Elenor,Tressie Marks,Dayna,166,166,157.7,149.4,https://life.gjirafa.com/1.jpg,6,5
190,Everette,Nicolette Kerluke,Jonas,289,289,274.55,260.1,https://life.gjirafa.com/1.jpg,5,5
191,Arnulfo,Hailie Audrey Heidenreich V,Graham,450,450,427.5,405,https://life.gjirafa.com/1.jpg,7,1
192,Alayna,Miss Enos Hyatt,Bernardo,291,291,276.45,261.9,https://life.gjirafa.com/1.jpg,6,5
193,Delmer,Mr. Helga Audie Thompson,Brayan,401,401,380.95,360.9,https://life.gjirafa.com/1.jpg,7,3
194,Franz,Jayce D'Amore,Enrique,540,540,513,486,https://life.gjirafa.com/1.jpg,9,1
195,Mathilde,Ms. Zoe Maida Zboncak Sr.,Samir,978,978,929.1,880.2,https://life.gjirafa.com/1.jpg,1,5
196,Dayana,Karina Weissnat,Rachel,529,529,502.55,476.1,https://life.gjirafa.com/1.jpg,6,3
197,Virgie,Cyril Nader,Spencer,307,307,291.65,276.3,https://life.gjirafa.com/1.jpg,3,4
198,Blanca,Scot Dicki,Nola,764,764,725.8,687.6,https://life.gjirafa.com/1.jpg,7,4
199,Donnell,Arch Konopelski,Jaydon,852,852,809.4,766.8,https://life.gjirafa.com/1.jpg,8,4
200,Jonas,Jaylin Roob,Elenor,98,98,93.1,88.2,https://life.gjirafa.com/1.jpg,7,3
201,Titus,Prof. Jaylon Estell Pollich,Trace,609,609,578.55,548.1,https://life.gjirafa.com/1.jpg,10,3
202,Valerie,Seth Quitzon,Billie,115,115,109.25,103.5,https://life.gjirafa.com/1.jpg,10,5
203,Orin,Daija Okuneva,Nelson,669,669,635.55,602.1,https://life.gjirafa.com/1.jpg,6,4
204,Jerad,Zoila Deckow,Emiliano,221,221,209.95,198.9,https://life.gjirafa.com/1.jpg,7,1
205,Carolyn,Kristin Weissnat,Mason,185,185,175.75,166.5,https://life.gjirafa.com/1.jpg,1,5
206,Jeremie,Genesis Morar,Alexandria,395,395,375.25,355.5,https://life.gjirafa.com/1.jpg,3,4
207,Queenie,Daron Lindgren,Chet,154,154,146.3,138.6,https://life.gjirafa.com/1.jpg,2,3
208,Mack,Shanel Jacobi PhD,Deon,52,52,49.4,46.8,https://life.gjirafa.com/1.jpg,3,4
209,Teresa,Wallace Kuhic,Sylvester,737,737,700.15,663.3,https://life.gjirafa.com/1.jpg,3,5
210,Saige,Ralph Aric Ritchie Jr.,Dahlia,897,897,852.15,807.3,https://life.gjirafa.com/1.jpg,9,4
211,Deonte,Kelli Rolfson,Howell,758,758,720.1,682.2,https://life.gjirafa.com/1.jpg,10,1
212,Stephania,Prof. Lorena Emard PhD,Kristina,313,313,297.35,281.7,https://life.gjirafa.com/1.jpg,10,5
213,Annie,Chasity Luettgen,Beatrice,430,430,408.5,387,https://life.gjirafa.com/1.jpg,7,5
214,Rosa,Ms. Maci Bogisich MD,Judd,603,603,572.85,542.7,https://life.gjirafa.com/1.jpg,6,4
215,Abner,Porter Gaylord,Kristina,259,259,246.05,233.1,https://life.gjirafa.com/1.jpg,2,4
216,Marilou,Modesta Schoen,Franco,127,127,120.65,114.3,https://life.gjirafa.com/1.jpg,6,4
217,Minnie,Prof. Catherine Danny Tromp,Marjorie,500,500,475,450,https://life.gjirafa.com/1.jpg,5,4
218,Wade,Mrs. Demarcus Nienow IV,Katrina,505,505,479.75,454.5,https://life.gjirafa.com/1.jpg,1,3
219,Lafayette,Keanu Hoeger Sr.,Dedrick,666,666,632.7,599.4,https://life.gjirafa.com/1.jpg,7,1
220,Alexanne,Clyde Heathcote,Heloise,581,581,551.95,522.9,https://life.gjirafa.com/1.jpg,6,3
221,Makenzie,Jessyca Towne Sr.,Andreanne,363,363,344.85,326.7,https://life.gjirafa.com/1.jpg,3,1
222,Muriel,Columbus Nicolas II,Carmine,954,954,906.3,858.6,https://life.gjirafa.com/1.jpg,9,5
223,Craig,Jazmyn Romaguera,Moises,63,63,59.85,56.7,https://life.gjirafa.com/1.jpg,4,4
224,Torey,Prof. Lafayette Wehner DDS,Rosalinda,25,25,23.75,22.5,https://life.gjirafa.com/1.jpg,10,1
225,Alisha,Viviane Bernhard,Olaf,477,477,453.15,429.3,https://life.gjirafa.com/1.jpg,5,4
226,Tobin,Dr. Vella Spencer,Gerhard,133,133,126.35,119.7,https://life.gjirafa.com/1.jpg,5,3
227,Hettie,Deion Kohler,Cooper,884,884,839.8,795.6,https://life.gjirafa.com/1.jpg,9,4
228,Dangelo,Saul Hermann,Letitia,395,395,375.25,355.5,https://life.gjirafa.com/1.jpg,3,4
229,Susie,Mr. Ervin Kole Lockman,Gwendolyn,59,59,56.05,53.1,https://life.gjirafa.com/1.jpg,4,3
230,Cade,Myra Hodkiewicz,Bridgette,924,924,877.8,831.6,https://life.gjirafa.com/1.jpg,7,1
231,Jalyn,Marie Parker,Addison,846,846,803.7,761.4,https://life.gjirafa.com/1.jpg,6,4
232,Margaretta,Mrs. Stella Kemmer,Madelyn,264,264,250.8,237.6,https://life.gjirafa.com/1.jpg,7,4
233,Gaston,Rolando Anderson,Brice,720,720,684,648,https://life.gjirafa.com/1.jpg,4,4
234,Abel,Karen Nader,Anita,878,878,834.1,790.2,https://life.gjirafa.com/1.jpg,3,3
235,Junior,Lura Ruecker,Willa,82,82,77.9,73.8,https://life.gjirafa.com/1.jpg,1,4
236,Nola,Keshawn Nienow,Sasha,200,200,190,180,https://life.gjirafa.com/1.jpg,5,2
237,Matt,Myrtice Dora Strosin MD,Abby,408,408,387.6,367.2,https://life.gjirafa.com/1.jpg,7,2
238,Violet,Arely Schimmel,Abdul,238,238,226.1,214.2,https://life.gjirafa.com/1.jpg,3,1
239,Celia,Miss Luz Feest II,Clark,385,385,365.75,346.5,https://life.gjirafa.com/1.jpg,9,5
240,Providenci,Joe Kreiger,Greg,307,307,291.65,276.3,https://life.gjirafa.com/1.jpg,4,4
241,Katarina,Mrs. Zion Clyde Hand I,Jacinto,987,987,937.65,888.3,https://life.gjirafa.com/1.jpg,6,1
242,Jonatan,Prof. Jess O'Reilly III,Bonnie,454,454,431.3,408.6,https://life.gjirafa.com/1.jpg,5,2
243,Mariane,Mr. Maynard McCullough,Soledad,242,242,229.9,217.8,https://life.gjirafa.com/1.jpg,3,2
244,Jewel,Gustave Oberbrunner,Clement,830,830,788.5,747,https://life.gjirafa.com/1.jpg,3,1
245,Donny,Leonardo Bartoletti I,Darion,695,695,660.25,625.5,https://life.gjirafa.com/1.jpg,10,4
246,Juanita,Bernard Stoltenberg,Elouise,20,20,19,18,https://life.gjirafa.com/1.jpg,4,2
247,Adrian,Aryanna Stehr,Marisa,274,274,260.3,246.6,https://life.gjirafa.com/1.jpg,9,1
248,Jordyn,Lauren Abshire,Rose,382,382,362.9,343.8,https://life.gjirafa.com/1.jpg,10,2
249,Claudie,Elmore Koss,Garland,198,198,188.1,178.2,https://life.gjirafa.com/1.jpg,3,5
250,Joannie,Prof. Garrick Lockman II,Ronaldo,609,609,578.55,548.1,https://life.gjirafa.com/1.jpg,10,2
251,Dan,Mr. Trent Forrest Aufderhar MD,Emmie,533,533,506.35,479.7,https://life.gjirafa.com/1.jpg,7,3
252,Otto,Alexandrea Destiney Weissnat Sr.,Virgil,969,969,920.55,872.1,https://life.gjirafa.com/1.jpg,8,1
253,Noble,Kasandra Darrin Hauck Sr.,Monserrat,175,175,166.25,157.5,https://life.gjirafa.com/1.jpg,4,3
254,Lela,Reta Rolfson MD,Nikolas,99,99,94.05,89.1,https://life.gjirafa.com/1.jpg,3,5
255,Benedict,Dr. Isabell Barrows III,Loma,350,350,332.5,315,https://life.gjirafa.com/1.jpg,4,4
256,Jameson,Mrs. Shayne Kiara Huel I,Eloy,586,586,556.7,527.4,https://life.gjirafa.com/1.jpg,8,4
257,Carolina,Missouri Goldner,Gust,733,733,696.35,659.7,https://life.gjirafa.com/1.jpg,8,3
258,Dalton,Ramiro Sawayn Jr.,Parker,125,125,118.75,112.5,https://life.gjirafa.com/1.jpg,3,1
259,Alfredo,Kaela Wolff,Joaquin,788,788,748.6,709.2,https://life.gjirafa.com/1.jpg,4,2
260,Frederick,Kathleen Weimann,Sister,277,277,263.15,249.3,https://life.gjirafa.com/1.jpg,7,3
261,Gordon,Prof. Lucious Callie Anderson,Conor,832,832,790.4,748.8,https://life.gjirafa.com/1.jpg,6,2
262,Brannon,Pete Lubowitz,Paula,485,485,460.75,436.5,https://life.gjirafa.com/1.jpg,6,4
263,Hipolito,Prof. Iliana Thora Bruen DVM,Nickolas,704,704,668.8,633.6,https://life.gjirafa.com/1.jpg,4,2
264,Adah,Ike Tillman,Luther,262,262,248.9,235.8,https://life.gjirafa.com/1.jpg,3,4
265,Noe,Miss Leonie Micheal Runte MD,Brenna,808,808,767.6,727.2,https://life.gjirafa.com/1.jpg,7,5
266,Manley,Verla Agustin Mayert DDS,Carolanne,600,600,570,540,https://life.gjirafa.com/1.jpg,3,5
267,Katelin,Miss Madyson Arvilla Dare,Kaley,556,556,528.2,500.4,https://life.gjirafa.com/1.jpg,6,4
268,Frederique,Elfrieda Block,Charlene,626,626,594.7,563.4,https://life.gjirafa.com/1.jpg,4,1
269,Sydnie,Prof. Wade Torp V,Bulah,651,651,618.45,585.9,https://life.gjirafa.com/1.jpg,4,3
270,Daphnee,Augusta Towne,Autumn,870,870,826.5,783,https://life.gjirafa.com/1.jpg,8,5
271,Terrence,Gardner Lynch,Aliyah,428,428,406.6,385.2,https://life.gjirafa.com/1.jpg,4,1
272,Etha,Julius Harber,Santos,161,161,152.95,144.9,https://life.gjirafa.com/1.jpg,3,1
273,Haskell,Vanessa Hansen,Sedrick,511,511,485.45,459.9,https://life.gjirafa.com/1.jpg,3,5
274,Marjory,Kristina Wolf Sr.,Tanner,524,524,497.8,471.6,https://life.gjirafa.com/1.jpg,2,2
275,Melyssa,Burdette Witting,Mylene,970,970,921.5,873,https://life.gjirafa.com/1.jpg,4,5
276,Yasmin,Gavin Brekke,Duncan,183,183,173.85,164.7,https://life.gjirafa.com/1.jpg,9,1
277,Florida,Miss Kiera Ada Davis,Ernie,254,254,241.3,228.6,https://life.gjirafa.com/1.jpg,5,4
278,Cayla,Regan Larson,Genoveva,790,790,750.5,711,https://life.gjirafa.com/1.jpg,9,1
279,Travon,Miss Jesus Roxanne Gerlach,Kaylah,145,145,137.75,130.5,https://life.gjirafa.com/1.jpg,8,4
280,Nels,Dr. Dandre Pfeffer I,Cecil,298,298,283.1,268.2,https://life.gjirafa.com/1.jpg,5,2
281,Vergie,Dr. Kian Treutel,Faye,807,807,766.65,726.3,https://life.gjirafa.com/1.jpg,4,5
282,Ford,Mr. Kennedy Cierra Streich Jr.,Alexa,384,384,364.8,345.6,https://life.gjirafa.com/1.jpg,1,2
283,Delphia,Prof. Miles Mervin Emmerich PhD,Nikolas,249,249,236.55,224.1,https://life.gjirafa.com/1.jpg,4,1
284,Joanne,Ebony Norris Boyle I,Jamison,930,930,883.5,837,https://life.gjirafa.com/1.jpg,2,1
285,Myah,Joaquin Lang,Howell,138,138,131.1,124.2,https://life.gjirafa.com/1.jpg,7,5
286,Nash,Kira Dickinson,Rita,244,244,231.8,219.6,https://life.gjirafa.com/1.jpg,10,1
287,Millie,Lea Tremblay,Lavon,30,30,28.5,27,https://life.gjirafa.com/1.jpg,9,3
288,Astrid,Prof. Eleanora Bergnaum IV,Jaleel,434,434,412.3,390.6,https://life.gjirafa.com/1.jpg,10,3
289,Pete,Tyson Hackett,Ansley,988,988,938.6,889.2,https://life.gjirafa.com/1.jpg,9,3
290,Edd,Jerrod Volkman,Ressie,529,529,502.55,476.1,https://life.gjirafa.com/1.jpg,10,5
291,Mateo,Mrs. Jaquelin Grady,Meaghan,834,834,792.3,750.6,https://life.gjirafa.com/1.jpg,10,2
292,Muhammad,Prof. Gerda Ledner,Crystal,672,672,638.4,604.8,https://life.gjirafa.com/1.jpg,7,5
293,Wendell,Theresia Breitenberg I,Arne,371,371,352.45,333.9,https://life.gjirafa.com/1.jpg,10,4
294,Rose,Kattie Cartwright,Kody,109,109,103.55,98.1,https://life.gjirafa.com/1.jpg,10,2
295,Leopold,Titus Geovany Hegmann Sr.,Rosalee,933,933,886.35,839.7,https://life.gjirafa.com/1.jpg,7,5
296,Jerrell,Jerrod Dakota Schroeder V,Jevon,186,186,176.7,167.4,https://life.gjirafa.com/1.jpg,1,4
297,Reid,Prof. Tracey Isom Auer,Eino,773,773,734.35,695.7,https://life.gjirafa.com/1.jpg,10,1
298,Rico,Ms. Hanna Eveline Harvey,Trudie,225,225,213.75,202.5,https://life.gjirafa.com/1.jpg,10,4
299,Madyson,Chase Marvin,Grace,940,940,893,846,https://life.gjirafa.com/1.jpg,4,5
300,Emanuel,Mrs. Candido Ethelyn Kirlin DVM,Ashley,250,250,237.5,225,https://life.gjirafa.com/1.jpg,6,3
301,Lauren,Cheyenne Hodkiewicz,Nicolette,431,431,409.45,387.9,https://life.gjirafa.com/1.jpg,6,4
302,Pierce,Brycen Wisoky II,Katharina,116,116,110.2,104.4,https://life.gjirafa.com/1.jpg,3,3
303,Trevor,Madonna Anderson,Alisa,633,633,601.35,569.7,https://life.gjirafa.com/1.jpg,7,4
304,Delfina,Vella Pacocha II,Monique,29,29,27.55,26.1,https://life.gjirafa.com/1.jpg,3,1
305,Columbus,Maye Pollich,Mattie,619,619,588.05,557.1,https://life.gjirafa.com/1.jpg,8,3
306,Daphne,Lia Mertz II,Akeem,723,723,686.85,650.7,https://life.gjirafa.com/1.jpg,6,4
307,Candida,Rogelio Brooklyn Dickens IV,Talon,860,860,817,774,https://life.gjirafa.com/1.jpg,1,4
308,Reilly,Alayna Schroeder,Mortimer,380,380,361,342,https://life.gjirafa.com/1.jpg,10,5
309,Rebecca,Susie Berge,Kayden,704,704,668.8,633.6,https://life.gjirafa.com/1.jpg,1,1
310,Zelda,Dr. Ebba Karl Boehm,Bernardo,44,44,41.8,39.6,https://life.gjirafa.com/1.jpg,10,5
311,Savanna,Miss Alexandro Juwan Kerluke,Timmothy,162,162,153.9,145.8,https://life.gjirafa.com/1.jpg,10,1
312,Marietta,Prof. Jailyn Jameson Rice,Oleta,805,805,764.75,724.5,https://life.gjirafa.com/1.jpg,3,1
313,Harrison,Marcus Dooley,Missouri,946,946,898.7,851.4,https://life.gjirafa.com/1.jpg,4,1
314,Olen,Prof. Flavie Wunsch MD,Letha,382,382,362.9,343.8,https://life.gjirafa.com/1.jpg,3,3
315,Ilene,Amira Julie Dooley DDS,Ted,318,318,302.1,286.2,https://life.gjirafa.com/1.jpg,6,4
316,Trudie,Dr. Nils Eugene Parisian MD,Clarabelle,674,674,640.3,606.6,https://life.gjirafa.com/1.jpg,1,4
317,Hermina,Lavern Howell,Houston,200,200,190,180,https://life.gjirafa.com/1.jpg,9,2
318,Chelsea,Miss Mustafa Smitham DDS,Madonna,376,376,357.2,338.4,https://life.gjirafa.com/1.jpg,10,2
319,Heber,Vergie Green,Easter,768,768,729.6,691.2,https://life.gjirafa.com/1.jpg,10,2
320,Lamar,Ignacio Champlin,Lonie,288,288,273.6,259.2,https://life.gjirafa.com/1.jpg,6,3
321,Tatum,Mrs. Jonathon Sally Kassulke,Helene,516,516,490.2,464.4,https://life.gjirafa.com/1.jpg,8,4
322,Leopoldo,Mrs. Monte Dee Towne III,Albina,681,681,646.95,612.9,https://life.gjirafa.com/1.jpg,2,3
323,Libbie,Houston Lind MD,Gavin,764,764,725.8,687.6,https://life.gjirafa.com/1.jpg,8,5
324,Davin,Mrs. Mauricio Reyna Dare I,Virgie,249,249,236.55,224.1,https://life.gjirafa.com/1.jpg,2,2
325,Wilfredo,Andre Hagenes,Daron,52,52,49.4,46.8,https://life.gjirafa.com/1.jpg,10,1
326,Monique,Nikko Sanford,Baylee,531,531,504.45,477.9,https://life.gjirafa.com/1.jpg,7,5
327,Hailee,Faustino Jast,Ethel,305,305,289.75,274.5,https://life.gjirafa.com/1.jpg,2,4
328,Javonte,Mr. Katelin Shanny Trantow Jr.,Dahlia,672,672,638.4,604.8,https://life.gjirafa.com/1.jpg,10,2
329,Lewis,Antonio Harvey,Celestine,447,447,424.65,402.3,https://life.gjirafa.com/1.jpg,5,2
330,Emerald,Thad Frami MD,Fae,740,740,703,666,https://life.gjirafa.com/1.jpg,2,3
331,Mozell,Mr. Chanel Libby Ferry,Flavie,930,930,883.5,837,https://life.gjirafa.com/1.jpg,6,5
332,Stone,Lura Wolf,Alvena,41,41,38.95,36.9,https://life.gjirafa.com/1.jpg,8,3
333,Constance,Prof. Cassidy Karina Hartmann,Meghan,584,584,554.8,525.6,https://life.gjirafa.com/1.jpg,1,2
334,Pansy,Maximus Feeney,Jerrold,269,269,255.55,242.1,https://life.gjirafa.com/1.jpg,9,3
335,Percival,Monserrat Corwin,Tierra,475,475,451.25,427.5,https://life.gjirafa.com/1.jpg,5,5
336,Jon,Elisha Kohler,Annalise,753,753,715.35,677.7,https://life.gjirafa.com/1.jpg,8,3
337,Lavon,Allen Muller,Kristoffer,117,117,111.15,105.3,https://life.gjirafa.com/1.jpg,3,1
338,Kathryn,Rico Kemmer,Lafayette,239,239,227.05,215.1,https://life.gjirafa.com/1.jpg,7,2
339,Elisabeth,Kolby Schaden,Reggie,766,766,727.7,689.4,https://life.gjirafa.com/1.jpg,6,1
340,Eli,Catherine Hegmann,Justus,316,316,300.2,284.4,https://life.gjirafa.com/1.jpg,4,4
341,Buster,Jarret McCullough,Tyrel,892,892,847.4,802.8,https://life.gjirafa.com/1.jpg,6,1
342,Anabelle,Jesus Kovacek,Syble,184,184,174.8,165.6,https://life.gjirafa.com/1.jpg,7,5
343,Pat,Prof. Herminio Kunze,Eldred,766,766,727.7,689.4,https://life.gjirafa.com/1.jpg,7,2
344,Damon,Samir Bartell,Obie,746,746,708.7,671.4,https://life.gjirafa.com/1.jpg,7,5
345,Royce,Mr. Sim Buck Koch,Allene,812,812,771.4,730.8,https://life.gjirafa.com/1.jpg,3,2
346,Anika,Dr. Danyka Wunsch III,Maybelle,238,238,226.1,214.2,https://life.gjirafa.com/1.jpg,9,2
347,Ivory,Nathanial Kovacek MD,Cierra,293,293,278.35,263.7,https://life.gjirafa.com/1.jpg,10,3
348,Maddison,Hadley Schuster,Bryon,758,758,720.1,682.2,https://life.gjirafa.com/1.jpg,2,5
349,Leonel,Breanna Sipes,Markus,667,667,633.65,600.3,https://life.gjirafa.com/1.jpg,7,5
350,Lacy,Ms. Brigitte Rippin,Lexi,189,189,179.55,170.1,https://life.gjirafa.com/1.jpg,1,5
351,Emmanuel,Mrs. Virgie Verdie Hane,Terrell,630,630,598.5,567,https://life.gjirafa.com/1.jpg,9,2
352,Bobbie,Reva Trantow,Prudence,736,736,699.2,662.4,https://life.gjirafa.com/1.jpg,3,5
353,Margarett,Charles Heaney,Haskell,873,873,829.35,785.7,https://life.gjirafa.com/1.jpg,7,4
354,Roscoe,Dr. Maybelle Shanelle Koepp,Tracy,146,146,138.7,131.4,https://life.gjirafa.com/1.jpg,7,1
355,Armando,Dr. Seamus Edison McClure III,Manley,856,856,813.2,770.4,https://life.gjirafa.com/1.jpg,2,3
356,Kyler,Prof. Rafaela Maybell McKenzie,Oswaldo,29,29,27.55,26.1,https://life.gjirafa.com/1.jpg,9,4
357,Garett,Miss Avis Fadel,Mallie,883,883,838.85,794.7,https://life.gjirafa.com/1.jpg,1,3
358,Alice,Einar Grimes,Jedidiah,690,690,655.5,621,https://life.gjirafa.com/1.jpg,1,3
359,Jailyn,Prof. Melba Schuppe,Ernie,10,10,9.5,9,https://life.gjirafa.com/1.jpg,1,2
360,Princess,Waino Will,Addie,750,750,712.5,675,https://life.gjirafa.com/1.jpg,9,1
361,Buddy,Shanelle Jacobi,Charity,502,502,476.9,451.8,https://life.gjirafa.com/1.jpg,10,2
362,Jaeden,Jan Stark MD,Erwin,499,499,474.05,449.1,https://life.gjirafa.com/1.jpg,5,2
363,Angeline,Zechariah Schowalter,Adelia,774,774,735.3,696.6,https://life.gjirafa.com/1.jpg,5,1
364,Joshuah,Prof. Lyda Ole Leannon I,Fleta,774,774,735.3,696.6,https://life.gjirafa.com/1.jpg,2,2
365,Jermaine,Dr. Cleta Kihn Sr.,Akeem,150,150,142.5,135,https://life.gjirafa.com/1.jpg,7,5
366,Agustina,Rasheed Yundt,Lon,76,76,72.2,68.4,https://life.gjirafa.com/1.jpg,4,5
367,Cyrus,Mrs. Orland Dale Nikolaus,Angus,889,889,844.55,800.1,https://life.gjirafa.com/1.jpg,8,4
368,Pearline,Adelle Boyle,Jayne,122,122,115.9,109.8,https://life.gjirafa.com/1.jpg,8,5
369,Madonna,Bradly Corkery,Malinda,502,502,476.9,451.8,https://life.gjirafa.com/1.jpg,2,4
370,Jacklyn,Matteo Jacobson,Keith,450,450,427.5,405,https://life.gjirafa.com/1.jpg,10,5
371,Audie,Ms. Ricardo Morar,Desmond,392,392,372.4,352.8,https://life.gjirafa.com/1.jpg,7,5
372,Emil,Hollie Sauer,Mohamed,711,711,675.45,639.9,https://life.gjirafa.com/1.jpg,5,3
373,Anastasia,Dr. Emile Wilkinson MD,Oda,548,548,520.6,493.2,https://life.gjirafa.com/1.jpg,1,3
374,Zoey,Miss Oral Arnoldo Krajcik IV,Kelly,21,21,19.95,18.9,https://life.gjirafa.com/1.jpg,8,2
375,Keshawn,Antwan Dickinson,Alize,296,296,281.2,266.4,https://life.gjirafa.com/1.jpg,8,3
376,Ara,Chasity Hackett,Ena,813,813,772.35,731.7,https://life.gjirafa.com/1.jpg,7,3
377,Arne,Eleanora Lesch V,Delilah,953,953,905.35,857.7,https://life.gjirafa.com/1.jpg,9,5
378,Darrel,Murray Krajcik,Beatrice,701,701,665.95,630.9,https://life.gjirafa.com/1.jpg,6,4
379,Yvette,Demetris Walsh,Oren,60,60,57,54,https://life.gjirafa.com/1.jpg,9,1
380,Elliott,Kayli Ritchie,Dedrick,798,798,758.1,718.2,https://life.gjirafa.com/1.jpg,7,3
381,Birdie,Ms. Reese Marilie D'Amore II,Carolyn,128,128,121.6,115.2,https://life.gjirafa.com/1.jpg,1,4
382,Kareem,Connie Johns,Rico,560,560,532,504,https://life.gjirafa.com/1.jpg,4,5
383,Guadalupe,Angel Zakary Kessler Jr.,Sasha,99,99,94.05,89.1,https://life.gjirafa.com/1.jpg,3,1
384,Saul,Vern Reilly,Solon,890,890,845.5,801,https://life.gjirafa.com/1.jpg,6,5
385,Waino,Kayden Tyson Roberts DVM,Jesus,170,170,161.5,153,https://life.gjirafa.com/1.jpg,5,4
386,Shayna,Emerson Leuschke II,Misael,284,284,269.8,255.6,https://life.gjirafa.com/1.jpg,4,2
387,Bryana,Miss Annamarie Abe Murphy,Alivia,941,941,893.95,846.9,https://life.gjirafa.com/1.jpg,3,4
388,Kole,Harvey Leuschke,Gavin,718,718,682.1,646.2,https://life.gjirafa.com/1.jpg,8,2
389,Estella,Macey Sporer,Maritza,616,616,585.2,554.4,https://life.gjirafa.com/1.jpg,6,5
390,Kelton,Lexie Schroeder,Margaret,744,744,706.8,669.6,https://life.gjirafa.com/1.jpg,7,3
391,Ezekiel,Chauncey Swift,Alayna,641,641,608.95,576.9,https://life.gjirafa.com/1.jpg,5,5
392,Durward,Chadd Jerde Sr.,Pearline,825,825,783.75,742.5,https://life.gjirafa.com/1.jpg,1,1
393,Kristopher,Gayle Mueller,Vidal,13,13,12.35,11.7,https://life.gjirafa.com/1.jpg,7,1
394,Lurline,Leola Borer,Nyah,836,836,794.2,752.4,https://life.gjirafa.com/1.jpg,7,3
395,Edmond,Peyton Brekke,Edwina,259,259,246.05,233.1,https://life.gjirafa.com/1.jpg,1,3
396,Kacey,Rosalee Lind,Keira,68,68,64.6,61.2,https://life.gjirafa.com/1.jpg,1,1
397,Bernita,Lavinia Kovacek,Fanny,107,107,101.65,96.3,https://life.gjirafa.com/1.jpg,6,4
398,Griffin,Juanita Stark,Kelvin,432,432,410.4,388.8,https://life.gjirafa.com/1.jpg,6,4
399,Kianna,Miss Georgiana Jake Oberbrunner,David,280,280,266,252,https://life.gjirafa.com/1.jpg,5,2
400,Shyann,Mrs. Osvaldo Ardella Stroman,Gretchen,129,129,122.55,116.1,https://life.gjirafa.com/1.jpg,7,4
401,Herta,Maci Okuneva,Ricardo,989,989,939.55,890.1,https://life.gjirafa.com/1.jpg,2,5
402,Clifton,Ellsworth Schaden,Otto,300,300,285,270,https://life.gjirafa.com/1.jpg,1,1
403,Martine,Ms. Aryanna Mayert III,Fermin,15,15,14.25,13.5,https://life.gjirafa.com/1.jpg,4,5
404,Maybell,Marcus Hintz,Eldred,1,1,0.95,0.9,https://life.gjirafa.com/1.jpg,8,1
405,Domenico,Prof. Karelle Margret Reynolds Sr.,Mack,42,42,39.9,37.8,https://life.gjirafa.com/1.jpg,3,5
406,Freeman,Dr. Yolanda Bosco IV,Dee,794,794,754.3,714.6,https://life.gjirafa.com/1.jpg,1,4
407,Jamar,Ms. Melissa Maynard Rowe,Camilla,453,453,430.35,407.7,https://life.gjirafa.com/1.jpg,3,5
408,Toney,Amina Larson,Baron,889,889,844.55,800.1,https://life.gjirafa.com/1.jpg,6,5
409,Deron,Gerardo Hansen,Connor,653,653,620.35,587.7,https://life.gjirafa.com/1.jpg,6,4
410,Leif,Malachi Schumm,Shannon,934,934,887.3,840.6,https://life.gjirafa.com/1.jpg,4,5
411,Marilie,Gerhard Ortiz,Catalina,416,416,395.2,374.4,https://life.gjirafa.com/1.jpg,8,3
412,Angelica,Kennith Waters,Henriette,583,583,553.85,524.7,https://life.gjirafa.com/1.jpg,6,1
413,Jacinto,Miss Darrion Anastacio O'Keefe DDS,Quentin,986,986,936.7,887.4,https://life.gjirafa.com/1.jpg,8,2
414,Rahsaan,Dr. Alessandra Harvey III,Leora,168,168,159.6,151.2,https://life.gjirafa.com/1.jpg,9,3
415,Lelia,Dr. Devan Jacobson,Darrin,460,460,437,414,https://life.gjirafa.com/1.jpg,6,5
416,Rita,Clark Littel,Carter,89,89,84.55,80.1,https://life.gjirafa.com/1.jpg,4,2
417,Tianna,Maggie Quigley,Erich,621,621,589.95,558.9,https://life.gjirafa.com/1.jpg,10,2
418,Velma,Ms. Braxton Kip Lehner V,Jammie,221,221,209.95,198.9,https://life.gjirafa.com/1.jpg,1,5
419,Chanelle,Sarina Allene Erdman MD,Alexa,501,501,475.95,450.9,https://life.gjirafa.com/1.jpg,8,3
420,Kory,Mr. Arlie Gussie Rau,Jerrold,616,616,585.2,554.4,https://life.gjirafa.com/1.jpg,2,3
421,Yadira,Mrs. Jayden Rempel DDS,Johnpaul,32,32,30.4,28.8,https://life.gjirafa.com/1.jpg,7,2
422,Elouise,Mr. Alvah Julian Little,Annamae,601,601,570.95,540.9,https://life.gjirafa.com/1.jpg,2,1
423,Dawn,Rafaela Hermann,Summer,956,956,908.2,860.4,https://life.gjirafa.com/1.jpg,7,2
424,Thora,Asa Sporer,Alden,960,960,912,864,https://life.gjirafa.com/1.jpg,3,3
425,Jamal,Joe Hartmann,Edward,915,915,869.25,823.5,https://life.gjirafa.com/1.jpg,5,5
426,Odell,Ms. Mafalda Carter,Abdul,337,337,320.15,303.3,https://life.gjirafa.com/1.jpg,1,3
427,Solon,Claudine Travon Dicki Sr.,Kody,216,216,205.2,194.4,https://life.gjirafa.com/1.jpg,7,2
428,Luther,Prof. Conrad Carmine Jaskolski V,Rosario,976,976,927.2,878.4,https://life.gjirafa.com/1.jpg,2,4
429,Chadrick,Gail Lueilwitz MD,Andy,998,998,948.1,898.2,https://life.gjirafa.com/1.jpg,7,2
430,Malvina,Alfonzo Darion Hahn II,Ellis,849,849,806.55,764.1,https://life.gjirafa.com/1.jpg,5,3
431,Jovany,Jeffrey Rodriguez,Sebastian,658,658,625.1,592.2,https://life.gjirafa.com/1.jpg,5,5
432,Eileen,Mr. Dejuan Zieme II,Karli,273,273,259.35,245.7,https://life.gjirafa.com/1.jpg,10,3
433,Hector,Kenneth Abernathy,Kelsi,264,264,250.8,237.6,https://life.gjirafa.com/1.jpg,5,1
434,Carlotta,Dr. Irving Brionna Schuster,Alexandra,364,364,345.8,327.6,https://life.gjirafa.com/1.jpg,1,4
435,Dock,Laverne Cummerata,Keshawn,965,965,916.75,868.5,https://life.gjirafa.com/1.jpg,4,4
436,Jazmyne,Royal Corwin V,Danielle,168,168,159.6,151.2,https://life.gjirafa.com/1.jpg,4,1
437,Cheyanne,Carmel Dickens,Jesse,874,874,830.3,786.6,https://life.gjirafa.com/1.jpg,6,5
438,Brisa,Mrs. Gaylord Lorenza Miller,Beryl,680,680,646,612,https://life.gjirafa.com/1.jpg,8,1
439,Brenna,Keegan Pouros,Tito,724,724,687.8,651.6,https://life.gjirafa.com/1.jpg,5,4
440,Felicity,Prof. Ellen DuBuque PhD,Rhett,357,357,339.15,321.3,https://life.gjirafa.com/1.jpg,6,4
441,Molly,Leonor Stiedemann DDS,Adan,1,1,0.95,0.9,https://life.gjirafa.com/1.jpg,6,1
442,Mekhi,Maria Reinger,Leann,205,205,194.75,184.5,https://life.gjirafa.com/1.jpg,8,3
443,William,Miss Malika Purdy V,Sonny,73,73,69.35,65.7,https://life.gjirafa.com/1.jpg,10,1
444,Sammy,Lloyd Jacobs,Braulio,27,27,25.65,24.3,https://life.gjirafa.com/1.jpg,5,1
445,Eugene,Elisabeth Batz,Ahmad,981,981,931.95,882.9,https://life.gjirafa.com/1.jpg,6,5
446,Serena,Prince Ratke PhD,Eliane,314,314,298.3,282.6,https://life.gjirafa.com/1.jpg,9,1
447,Brad,Ruben Will II,Neal,795,795,755.25,715.5,https://life.gjirafa.com/1.jpg,1,4
448,Aidan,Casandra Smith,Joey,171,171,162.45,153.9,https://life.gjirafa.com/1.jpg,4,5
449,Rosendo,Alex Thompson,Christine,665,665,631.75,598.5,https://life.gjirafa.com/1.jpg,6,2
450,Ubaldo,Nannie Cartwright,Nelda,833,833,791.35,749.7,https://life.gjirafa.com/1.jpg,3,2
451,Elias,Zoie Toy Jr.,Caden,803,803,762.85,722.7,https://life.gjirafa.com/1.jpg,3,5
452,Ambrose,Coy Emard,Etha,839,839,797.05,755.1,https://life.gjirafa.com/1.jpg,1,5
453,Raul,Vicente Trantow,Odell,914,914,868.3,822.6,https://life.gjirafa.com/1.jpg,3,5
454,Jayden,Jett Hilll,Kolby,146,146,138.7,131.4,https://life.gjirafa.com/1.jpg,8,1
455,Jules,Ned Cronin,Tatyana,858,858,815.1,772.2,https://life.gjirafa.com/1.jpg,6,5
456,Tad,Mr. Luella Oma Kirlin,Heidi,350,350,332.5,315,https://life.gjirafa.com/1.jpg,5,1
457,Fredrick,Hoyt Strosin,Grayson,552,552,524.4,496.8,https://life.gjirafa.com/1.jpg,7,5
458,Efrain,Earline Mohr,Joe,846,846,803.7,761.4,https://life.gjirafa.com/1.jpg,3,4
459,Lori,Logan Schaden,Petra,638,638,606.1,574.2,https://life.gjirafa.com/1.jpg,5,3
460,Giovanny,Liliane Adams,Eldon,632,632,600.4,568.8,https://life.gjirafa.com/1.jpg,10,1
461,Jeffrey,Albert Hirthe,Reuben,44,44,41.8,39.6,https://life.gjirafa.com/1.jpg,3,4
462,Estefania,Mrs. Alek Schneider MD,Marge,90,90,85.5,81,https://life.gjirafa.com/1.jpg,5,4
463,Lyda,Keanu Rogahn,Marquise,328,328,311.6,295.2,https://life.gjirafa.com/1.jpg,2,5
464,Aleen,Dr. Muriel Lang,Estella,225,225,213.75,202.5,https://life.gjirafa.com/1.jpg,8,1
465,Bernice,Dr. Jaren Amara Donnelly Jr.,Gabe,863,863,819.85,776.7,https://life.gjirafa.com/1.jpg,8,4
466,Peyton,Garrett Konopelski,Roscoe,347,347,329.65,312.3,https://life.gjirafa.com/1.jpg,3,1
467,Marisol,Toney Friesen,Christy,434,434,412.3,390.6,https://life.gjirafa.com/1.jpg,6,4
468,Makenna,Rupert VonRueden,Nasir,976,976,927.2,878.4,https://life.gjirafa.com/1.jpg,7,2
469,Sadye,Elaina Koelpin,Francisco,405,405,384.75,364.5,https://life.gjirafa.com/1.jpg,9,2
470,Polly,Titus Harvey Bednar I,Donato,760,760,722,684,https://life.gjirafa.com/1.jpg,5,5
471,Alfred,Bette Haag,Meggie,656,656,623.2,590.4,https://life.gjirafa.com/1.jpg,6,4
472,Merlin,Marjorie Upton,Timmothy,252,252,239.4,226.8,https://life.gjirafa.com/1.jpg,7,3
473,Gabriel,Oceane Sanford,Stewart,214,214,203.3,192.6,https://life.gjirafa.com/1.jpg,10,3
474,Ricardo,William Deckow,Sister,527,527,500.65,474.3,https://life.gjirafa.com/1.jpg,4,1
475,Frankie,Jerome Dibbert DVM,Libby,145,145,137.75,130.5,https://life.gjirafa.com/1.jpg,7,1
476,Halle,Mrs. Alene Tracey Bins,Leonor,499,499,474.05,449.1,https://life.gjirafa.com/1.jpg,6,5
477,Pamela,Emmie Miller,Santiago,154,154,146.3,138.6,https://life.gjirafa.com/1.jpg,6,1
478,Renee,General Cronin,Lucio,301,301,285.95,270.9,https://life.gjirafa.com/1.jpg,3,1
479,Marilyne,Cordell Hoeger,Collin,503,503,477.85,452.7,https://life.gjirafa.com/1.jpg,7,5
480,Trystan,Austyn Ankunding,Tressie,622,622,590.9,559.8,https://life.gjirafa.com/1.jpg,2,3
481,Bailey,Rafael Satterfield,Jamie,889,889,844.55,800.1,https://life.gjirafa.com/1.jpg,7,1
482,Jerrod,Mr. Jade Beulah Jerde,Ida,597,597,567.15,537.3,https://life.gjirafa.com/1.jpg,8,4
483,Catherine,Rhoda Harris,Diamond,365,365,346.75,328.5,https://life.gjirafa.com/1.jpg,1,2
484,Lyric,Mrs. Annetta Wendy Kautzer,Ava,632,632,600.4,568.8,https://life.gjirafa.com/1.jpg,4,3
485,Eloise,Frieda Considine,Shaniya,381,381,361.95,342.9,https://life.gjirafa.com/1.jpg,8,5
486,Aracely,Arne Brennon Schaefer DDS,Alverta,338,338,321.1,304.2,https://life.gjirafa.com/1.jpg,3,5
487,Jesse,Mrs. Berenice Thaddeus Skiles III,Rick,767,767,728.65,690.3,https://life.gjirafa.com/1.jpg,10,3
488,Mikel,Aglae Beer,Bridget,594,594,564.3,534.6,https://life.gjirafa.com/1.jpg,5,1
489,Peter,Dr. Devon Monahan V,Saige,597,597,567.15,537.3,https://life.gjirafa.com/1.jpg,4,1
490,Brandon,Darren Yost DDS,Kiara,60,60,57,54,https://life.gjirafa.com/1.jpg,7,1
491,Cornell,Domenick Larkin,Travis,526,526,499.7,473.4,https://life.gjirafa.com/1.jpg,2,5
492,Kali,Mr. Sonny Moses Baumbach Jr.,Gussie,44,44,41.8,39.6,https://life.gjirafa.com/1.jpg,9,3
493,Chaya,Taya Tania Oberbrunner V,Ernesto,95,95,90.25,85.5,https://life.gjirafa.com/1.jpg,1,4
494,Celestine,Dr. Saige Anderson Koch,Barrett,52,52,49.4,46.8,https://life.gjirafa.com/1.jpg,3,1
495,Neoma,Ms. Deondre Brakus,Marjolaine,561,561,532.95,504.9,https://life.gjirafa.com/1.jpg,7,3
496,Eduardo,Jody Rosendo Bruen V,Jazmyn,218,218,207.1,196.2,https://life.gjirafa.com/1.jpg,8,2
497,Guiseppe,Mr. Brain Desiree Cummerata DVM,Samanta,751,751,713.45,675.9,https://life.gjirafa.com/1.jpg,8,1
498,Edyth,Rhoda Quitzon,Cecelia,857,857,814.15,771.3,https://life.gjirafa.com/1.jpg,1,4
499,Ben,Mr. Faustino Hintz V,Sarina,165,165,156.75,148.5,https://life.gjirafa.com/1.jpg,1,4
500,Waylon,Gwen Mayert,Ryann,647,647,614.65,582.3,https://life.gjirafa.com/1.jpg,6,1
501,Keegan,Liana Obie Graham PhD,Andreane,93,93,88.35,83.7,https://life.gjirafa.com/1.jpg,9,4
502,Myron,Mrs. Esperanza Okuneva MD,Isaias,913,913,867.35,821.7,https://life.gjirafa.com/1.jpg,3,1
503,Lourdes,Rhoda Klocko,Hanna,442,442,419.9,397.8,https://life.gjirafa.com/1.jpg,9,3
504,Betsy,Dr. Stan Candelario Yost,Cara,223,223,211.85,200.7,https://life.gjirafa.com/1.jpg,3,1
505,Alexa,Eden Wintheiser,Reed,456,456,433.2,410.4,https://life.gjirafa.com/1.jpg,3,2
506,Marlen,Mrs. Shanon Stehr V,Leslie,945,945,897.75,850.5,https://life.gjirafa.com/1.jpg,4,4
507,Urban,Max Homenick,Carlie,618,618,587.1,556.2,https://life.gjirafa.com/1.jpg,2,1
508,Daisy,Laurianne Jeanette Cremin Jr.,Laron,523,523,496.85,470.7,https://life.gjirafa.com/1.jpg,5,5
509,Don,Prof. Jewel Jovani Rutherford,Karianne,890,890,845.5,801,https://life.gjirafa.com/1.jpg,10,1
510,Alford,Prof. Sandra Wilderman,Claire,281,281,266.95,252.9,https://life.gjirafa.com/1.jpg,9,4
511,Demario,Viola Bins,Donny,476,476,452.2,428.4,https://life.gjirafa.com/1.jpg,4,4
512,Johan,Ms. Danielle Kozey DDS,Keshaun,791,791,751.45,711.9,https://life.gjirafa.com/1.jpg,1,4
513,Brennon,Osvaldo Towne,Odie,724,724,687.8,651.6,https://life.gjirafa.com/1.jpg,2,1
514,Clovis,Prof. Lester Cole,Manuela,45,45,42.75,40.5,https://life.gjirafa.com/1.jpg,6,3
515,Reta,Brando Jefferey Rowe MD,Luigi,239,239,227.05,215.1,https://life.gjirafa.com/1.jpg,2,4
516,Lawrence,Trever Moore,Shanon,71,71,67.45,63.9,https://life.gjirafa.com/1.jpg,2,3
517,Rick,Prof. Alison Roob Jr.,Willis,783,783,743.85,704.7,https://life.gjirafa.com/1.jpg,2,4
518,Elwin,Ashlynn Rippin,Earnest,965,965,916.75,868.5,https://life.gjirafa.com/1.jpg,3,4
519,Prudence,Emmett Zboncak,Dan,291,291,276.45,261.9,https://life.gjirafa.com/1.jpg,5,5
520,Alyce,Alayna Cummerata,Cordia,752,752,714.4,676.8,https://life.gjirafa.com/1.jpg,10,1
521,Garfield,Mrs. Corene Maggio,Chelsie,74,74,70.3,66.6,https://life.gjirafa.com/1.jpg,9,4
522,Lew,Davion Leannon,Howard,308,308,292.6,277.2,https://life.gjirafa.com/1.jpg,3,1
523,Conor,Earline Jacobson,Lelah,969,969,920.55,872.1,https://life.gjirafa.com/1.jpg,1,1
524,Suzanne,Ms. Melvin O'Kon V,Amani,888,888,843.6,799.2,https://life.gjirafa.com/1.jpg,3,4
525,Jolie,Mrs. Andy Hauck,Justina,573,573,544.35,515.7,https://life.gjirafa.com/1.jpg,6,1
526,Trisha,Cade Hallie Shanahan I,Brenden,930,930,883.5,837,https://life.gjirafa.com/1.jpg,3,3
527,Burley,Abbie Corkery,Waylon,476,476,452.2,428.4,https://life.gjirafa.com/1.jpg,8,5
528,Friedrich,Prof. Marielle Heaney DVM,Kenyatta,952,952,904.4,856.8,https://life.gjirafa.com/1.jpg,6,3
529,Waldo,Dr. Lee Emmanuel Rolfson I,Sylvia,896,896,851.2,806.4,https://life.gjirafa.com/1.jpg,6,4
530,Yazmin,Isabell Stehr,Keshaun,456,456,433.2,410.4,https://life.gjirafa.com/1.jpg,9,3
531,Destin,Jerel Vandervort,Sincere,577,577,548.15,519.3,https://life.gjirafa.com/1.jpg,2,4
532,Tremayne,Greyson Dedric Dare Sr.,Russel,359,359,341.05,323.1,https://life.gjirafa.com/1.jpg,2,2
533,Darian,Ernesto Bahringer Jr.,Keenan,879,879,835.05,791.1,https://life.gjirafa.com/1.jpg,10,4
534,Edna,Aditya Hand,Jarrell,341,341,323.95,306.9,https://life.gjirafa.com/1.jpg,1,2
535,Mireille,Nathaniel Okuneva,Polly,538,538,511.1,484.2,https://life.gjirafa.com/1.jpg,2,5
536,Ashlynn,Cleta Olson,Reilly,984,984,934.8,885.6,https://life.gjirafa.com/1.jpg,1,5
537,Viola,Rashad Flatley,Eric,492,492,467.4,442.8,https://life.gjirafa.com/1.jpg,6,3
538,Simone,Jamarcus Nitzsche,Herminia,526,526,499.7,473.4,https://life.gjirafa.com/1.jpg,5,2
539,Meredith,Kayden Laurie Hane I,Princess,240,240,228,216,https://life.gjirafa.com/1.jpg,6,2
540,Devon,Miss Imogene Buckridge III,Marisol,970,970,921.5,873,https://life.gjirafa.com/1.jpg,2,2
541,Vance,Charity Johnston I,Emery,188,188,178.6,169.2,https://life.gjirafa.com/1.jpg,8,5
542,Ana,Mrs. Mariela Golda Bahringer,Shaun,465,465,441.75,418.5,https://life.gjirafa.com/1.jpg,8,5
543,Zion,Miss Brielle Rempel,Jay,870,870,826.5,783,https://life.gjirafa.com/1.jpg,2,4
544,Mariam,Miss Conrad Serena Wyman II,King,149,149,141.55,134.1,https://life.gjirafa.com/1.jpg,4,1
545,Dagmar,Trudie Roberts,Noemie,374,374,355.3,336.6,https://life.gjirafa.com/1.jpg,1,1
546,Lavada,Dayton Theresia Bergstrom V,Schuyler,951,951,903.45,855.9,https://life.gjirafa.com/1.jpg,9,3
547,Asa,Mrs. Johan Taylor Schimmel,Tavares,19,19,18.05,17.1,https://life.gjirafa.com/1.jpg,9,3
548,Ewell,Hassan Donnelly,Vinnie,723,723,686.85,650.7,https://life.gjirafa.com/1.jpg,10,2
549,Eda,Jevon Rippin,Fannie,147,147,139.65,132.3,https://life.gjirafa.com/1.jpg,9,1
550,Zane,Norene Welch,Efrain,962,962,913.9,865.8,https://life.gjirafa.com/1.jpg,3,1
551,Ariane,Jamel Ankunding,Ilene,682,682,647.9,613.8,https://life.gjirafa.com/1.jpg,6,1
552,Retta,Morgan Windler,Queen,936,936,889.2,842.4,https://life.gjirafa.com/1.jpg,8,3
553,Joey,Prof. Willy Stracke PhD,Adonis,57,57,54.15,51.3,https://life.gjirafa.com/1.jpg,9,1
554,Larue,Michaela Hane,Sunny,645,645,612.75,580.5,https://life.gjirafa.com/1.jpg,8,2
555,Wilhelmine,Cyrus Nicolas,Lily,96,96,91.2,86.4,https://life.gjirafa.com/1.jpg,10,5
556,Charley,Juston Braun,Julius,350,350,332.5,315,https://life.gjirafa.com/1.jpg,1,2
557,Nick,Gerson Wilkinson,Lynn,877,877,833.15,789.3,https://life.gjirafa.com/1.jpg,5,2
558,Keyshawn,Gaetano Kuhn,Enos,924,924,877.8,831.6,https://life.gjirafa.com/1.jpg,1,3
559,Elbert,Virginia Schneider,Taryn,336,336,319.2,302.4,https://life.gjirafa.com/1.jpg,10,1
560,Coralie,Prof. Joseph Michael O'Conner Jr.,Garret,915,915,869.25,823.5,https://life.gjirafa.com/1.jpg,8,2
561,Bartholome,Mrs. Kelly Felicita Howe,Dana,922,922,875.9,829.8,https://life.gjirafa.com/1.jpg,5,5
562,Tomasa,Mrs. Marilou Frida Cronin PhD,Selina,628,628,596.6,565.2,https://life.gjirafa.com/1.jpg,5,5
563,Eddie,Dr. Ruthie Rippin Jr.,Abby,403,403,382.85,362.7,https://life.gjirafa.com/1.jpg,2,4
564,Elvie,Dr. Adell Kara Daugherty,Ines,989,989,939.55,890.1,https://life.gjirafa.com/1.jpg,3,4
565,Tamara,Miss Elaina Kiehn,Kristina,626,626,594.7,563.4,https://life.gjirafa.com/1.jpg,5,2
566,Una,Mr. Jacklyn Claud Anderson MD,Holden,126,126,119.7,113.4,https://life.gjirafa.com/1.jpg,3,2
567,Braeden,Rosina Rowe,Jeanie,775,775,736.25,697.5,https://life.gjirafa.com/1.jpg,9,4
568,Gavin,Ms. Zelma Gerlach III,Katrina,360,360,342,324,https://life.gjirafa.com/1.jpg,1,1
569,Richmond,Enrique Kirlin,Zechariah,990,990,940.5,891,https://life.gjirafa.com/1.jpg,5,4
570,Rickie,Mr. Eddie Pete Littel,Aliyah,237,237,225.15,213.3,https://life.gjirafa.com/1.jpg,1,5
571,Antonina,Jackie Fadel II,Brad,501,501,475.95,450.9,https://life.gjirafa.com/1.jpg,5,5
572,Jakob,Dallin Gorczany,Barbara,710,710,674.5,639,https://life.gjirafa.com/1.jpg,8,3
573,Verdie,Maiya Ward,Brandon,638,638,606.1,574.2,https://life.gjirafa.com/1.jpg,4,2
574,Petra,Glen Mohr,Amir,781,781,741.95,702.9,https://life.gjirafa.com/1.jpg,7,1
575,Mazie,Urban Bergstrom,Joey,255,255,242.25,229.5,https://life.gjirafa.com/1.jpg,3,5
576,Grace,Jayce Marvin,Derrick,509,509,483.55,458.1,https://life.gjirafa.com/1.jpg,8,4
577,Zackery,Edna Bergstrom,Ralph,306,306,290.7,275.4,https://life.gjirafa.com/1.jpg,3,1
578,Owen,Monty Lynch,Charlie,697,697,662.15,627.3,https://life.gjirafa.com/1.jpg,3,2
579,Bianka,Jamil Renner,Carolina,1,1,0.95,0.9,https://life.gjirafa.com/1.jpg,1,3
580,Meda,Bria Buckridge DVM,Foster,216,216,205.2,194.4,https://life.gjirafa.com/1.jpg,5,5
581,Jaylan,Ross Farrell,Citlalli,914,914,868.3,822.6,https://life.gjirafa.com/1.jpg,4,4
582,Milan,Mr. Emilie Darrell Huel PhD,Marietta,901,901,855.95,810.9,https://life.gjirafa.com/1.jpg,9,5
583,Reva,Luther Franecki,Rowan,411,411,390.45,369.9,https://life.gjirafa.com/1.jpg,10,2
584,Jeromy,Albina Howell,Toy,888,888,843.6,799.2,https://life.gjirafa.com/1.jpg,5,3
585,Hilario,Cesar Hegmann,Carole,96,96,91.2,86.4,https://life.gjirafa.com/1.jpg,5,1
586,Alberta,Josiah Hintz,Zoe,860,860,817,774,https://life.gjirafa.com/1.jpg,1,1
587,Damaris,Grady Bauch,Vernon,429,429,407.55,386.1,https://life.gjirafa.com/1.jpg,5,4
588,Savion,Stacey Ward,Derick,212,212,201.4,190.8,https://life.gjirafa.com/1.jpg,5,2
589,Kay,Marianna Greenholt,Olaf,970,970,921.5,873,https://life.gjirafa.com/1.jpg,3,4
590,Brandt,Jennie Monahan,Jalen,62,62,58.9,55.8,https://life.gjirafa.com/1.jpg,7,5
591,Adalberto,Prof. Zoey Gislason PhD,Ryley,171,171,162.45,153.9,https://life.gjirafa.com/1.jpg,8,4
592,Maude,Beau Hintz,Verner,483,483,458.85,434.7,https://life.gjirafa.com/1.jpg,5,2
593,Serenity,Mr. Vesta Veum I,Terrence,580,580,551,522,https://life.gjirafa.com/1.jpg,2,1
594,Isabell,Boyd Rodriguez,Ellis,453,453,430.35,407.7,https://life.gjirafa.com/1.jpg,4,5
595,Alfonzo,Orlando Solon Littel V,Jordane,650,650,617.5,585,https://life.gjirafa.com/1.jpg,3,3
596,Mikayla,Mrs. Carmella Shanna Lebsack PhD,Reagan,783,783,743.85,704.7,https://life.gjirafa.com/1.jpg,10,4
597,Kamille,Hermina Wuckert,Maverick,536,536,509.2,482.4,https://life.gjirafa.com/1.jpg,2,2
598,Delia,Connie Jean Emard PhD,Darrick,158,158,150.1,142.2,https://life.gjirafa.com/1.jpg,3,1
599,Shanon,Prof. Jackson Delores Cremin,Gilberto,318,318,302.1,286.2,https://life.gjirafa.com/1.jpg,7,4
600,Gabriella,Elaina Daniel,Queenie,114,114,108.3,102.6,https://life.gjirafa.com/1.jpg,4,5
601,Santa,Hassan Kovacek,Tanya,301,301,285.95,270.9,https://life.gjirafa.com/1.jpg,2,5
602,Bonita,Mrs. Archibald Kirlin PhD,Misty,312,312,296.4,280.8,https://life.gjirafa.com/1.jpg,4,2
603,Jennyfer,Henriette Jewess,Layne,182,182,172.9,163.8,https://life.gjirafa.com/1.jpg,5,4
604,Hilbert,Mr. Rodolfo Keebler II,Heaven,677,677,643.15,609.3,https://life.gjirafa.com/1.jpg,7,1
605,Diana,Mr. Stephen Schumm Jr.,Cecilia,343,343,325.85,308.7,https://life.gjirafa.com/1.jpg,6,5
606,Evalyn,Wilmer Schroeder,Caitlyn,739,739,702.05,665.1,https://life.gjirafa.com/1.jpg,10,1
607,Tillman,Keely Marvin,Otho,940,940,893,846,https://life.gjirafa.com/1.jpg,8,4
608,Tatyana,Boris Mills,Hollis,700,700,665,630,https://life.gjirafa.com/1.jpg,10,2
609,Mitchel,Abbey Crona,Allan,476,476,452.2,428.4,https://life.gjirafa.com/1.jpg,5,3
610,Colten,Ray Pagac,Isidro,735,735,698.25,661.5,https://life.gjirafa.com/1.jpg,8,3
611,Janie,Zella Lesch,Issac,697,697,662.15,627.3,https://life.gjirafa.com/1.jpg,7,2
612,Lynn,Dr. Susan Jade Schneider,Ernestine,713,713,677.35,641.7,https://life.gjirafa.com/1.jpg,1,1
613,Anastacio,Maxie Kuhic,Cleta,714,714,678.3,642.6,https://life.gjirafa.com/1.jpg,7,2
614,Elton,Dillon Emmerich,Ettie,973,973,924.35,875.7,https://life.gjirafa.com/1.jpg,9,3
615,Ariel,Dr. Laurence Abbott IV,Ramiro,412,412,391.4,370.8,https://life.gjirafa.com/1.jpg,6,1
616,Arnaldo,Mrs. Bernie Kane Collier II,Noemy,492,492,467.4,442.8,https://life.gjirafa.com/1.jpg,8,3
617,Guy,Kurt Muriel Gerhold III,Bernice,115,115,109.25,103.5,https://life.gjirafa.com/1.jpg,8,1
618,Helen,Mallory Howe,Gardner,126,126,119.7,113.4,https://life.gjirafa.com/1.jpg,2,5
619,Joany,Carlo Senger,Michele,706,706,670.7,635.4,https://life.gjirafa.com/1.jpg,1,5
620,Nathaniel,Miss Nicola Meta Eichmann MD,Alfredo,509,509,483.55,458.1,https://life.gjirafa.com/1.jpg,6,4
621,Alison,Willis Anahi Wolf III,Reanna,709,709,673.55,638.1,https://life.gjirafa.com/1.jpg,5,4
622,Eldred,Dr. Brendan Lemke,Sigrid,630,630,598.5,567,https://life.gjirafa.com/1.jpg,10,1
623,Citlalli,Leann Goyette,Chaz,930,930,883.5,837,https://life.gjirafa.com/1.jpg,2,3
624,Rhoda,Santiago Bartell,Ara,7,7,6.65,6.3,https://life.gjirafa.com/1.jpg,3,4
625,Adela,Mr. Orville Robel,Darby,604,604,573.8,543.6,https://life.gjirafa.com/1.jpg,1,2
626,Eino,Skyla Keeling,Alessandro,537,537,510.15,483.3,https://life.gjirafa.com/1.jpg,10,4
627,Adella,Icie Donnelly,Presley,34,34,32.3,30.6,https://life.gjirafa.com/1.jpg,7,1
628,Vincent,Titus Wilderman,Genesis,395,395,375.25,355.5,https://life.gjirafa.com/1.jpg,6,4
629,Rosanna,Antonia Roslyn Bechtelar Sr.,Alphonso,816,816,775.2,734.4,https://life.gjirafa.com/1.jpg,10,1
630,Vaughn,Bennie Thiel IV,Andreanne,347,347,329.65,312.3,https://life.gjirafa.com/1.jpg,5,5
631,Erich,Miss Gayle Ansley Bosco,Georgiana,474,474,450.3,426.6,https://life.gjirafa.com/1.jpg,4,5
632,Kaela,Shea Boehm,Maud,111,111,105.45,99.9,https://life.gjirafa.com/1.jpg,6,2
633,Laurine,Miss Alexane Shields V,Bria,738,738,701.1,664.2,https://life.gjirafa.com/1.jpg,6,3
634,Erin,Mrs. Ralph Nitzsche,Ebba,555,555,527.25,499.5,https://life.gjirafa.com/1.jpg,10,5
635,Lina,Ms. Name Scottie Baumbach,Nakia,543,543,515.85,488.7,https://life.gjirafa.com/1.jpg,9,4
636,Letha,Dwight Morissette,Jordon,661,661,627.95,594.9,https://life.gjirafa.com/1.jpg,8,5
637,Kristina,Rosella Nienow Jr.,Jaquan,288,288,273.6,259.2,https://life.gjirafa.com/1.jpg,9,3
638,Tanner,Miss Alexa Casper MD,Chester,664,664,630.8,597.6,https://life.gjirafa.com/1.jpg,2,2
639,Josue,Gussie Deckow,Naomie,586,586,556.7,527.4,https://life.gjirafa.com/1.jpg,4,4
640,Vita,Harrison Bogan,Sincere,818,818,777.1,736.2,https://life.gjirafa.com/1.jpg,7,4
641,Amara,Audra Grimes,Conor,379,379,360.05,341.1,https://life.gjirafa.com/1.jpg,5,2
642,Michale,Dr. Meagan Delia Rowe,Verner,700,700,665,630,https://life.gjirafa.com/1.jpg,2,1
643,Jocelyn,Ms. Janick Florian Olson I,Toy,34,34,32.3,30.6,https://life.gjirafa.com/1.jpg,2,2
644,Karina,Prof. Xavier Crooks III,Gilberto,991,991,941.45,891.9,https://life.gjirafa.com/1.jpg,7,1
645,Amy,Shawn Stroman II,Emmalee,219,219,208.05,197.1,https://life.gjirafa.com/1.jpg,7,5
646,Holly,Maryse Konopelski Jr.,Connor,186,186,176.7,167.4,https://life.gjirafa.com/1.jpg,3,3
647,Arlie,Kevon Fadel,Jarrell,360,360,342,324,https://life.gjirafa.com/1.jpg,9,3
648,Alexandrea,Wilfrid VonRueden,Jody,763,763,724.85,686.7,https://life.gjirafa.com/1.jpg,7,2
649,Finn,Johnathon Ken Renner IV,Greg,149,149,141.55,134.1,https://life.gjirafa.com/1.jpg,6,2
650,Antone,Nakia Robel,Candido,855,855,812.25,769.5,https://life.gjirafa.com/1.jpg,4,4
651,Jamison,Dean Hammes,Pablo,947,947,899.65,852.3,https://life.gjirafa.com/1.jpg,5,5
652,Vilma,Miss Clyde Jaylen Schamberger,Miguel,681,681,646.95,612.9,https://life.gjirafa.com/1.jpg,7,1
653,Orlando,Sid Yundt,Bethel,368,368,349.6,331.2,https://life.gjirafa.com/1.jpg,5,1
654,Jacques,Rowan Hayes,Edgardo,411,411,390.45,369.9,https://life.gjirafa.com/1.jpg,9,5
655,Aurore,Precious Beth Fahey II,Lily,254,254,241.3,228.6,https://life.gjirafa.com/1.jpg,5,1
656,Willa,Amelia Anderson,Gaetano,499,499,474.05,449.1,https://life.gjirafa.com/1.jpg,4,1
657,Rhiannon,Dr. Sanford Weston O'Reilly DVM,Ferne,581,581,551.95,522.9,https://life.gjirafa.com/1.jpg,7,4
658,Larry,Garland Adams,Marquise,792,792,752.4,712.8,https://life.gjirafa.com/1.jpg,8,5
659,Ulises,Logan Lind,Carmine,834,834,792.3,750.6,https://life.gjirafa.com/1.jpg,7,4
660,Annalise,Calista Corwin,Bruce,277,277,263.15,249.3,https://life.gjirafa.com/1.jpg,10,4
661,Shaun,Arturo Kuvalis Jr.,Lillian,540,540,513,486,https://life.gjirafa.com/1.jpg,8,4
662,Raymundo,Yoshiko Reichert,Chelsie,302,302,286.9,271.8,https://life.gjirafa.com/1.jpg,1,2
663,Trey,Kayleigh Wunsch,Dangelo,452,452,429.4,406.8,https://life.gjirafa.com/1.jpg,9,1
664,Stan,Annabel Homenick I,Donny,832,832,790.4,748.8,https://life.gjirafa.com/1.jpg,9,1
665,Kailyn,Helena Ferry,Oran,440,440,418,396,https://life.gjirafa.com/1.jpg,6,1
666,Madie,Mrs. Layne Corrine Block,Jo,427,427,405.65,384.3,https://life.gjirafa.com/1.jpg,2,5
667,Regan,Macy Cummings,Aubree,212,212,201.4,190.8,https://life.gjirafa.com/1.jpg,10,4
668,Susana,Mr. Makenzie Ernestina Effertz V,Demario,58,58,55.1,52.2,https://life.gjirafa.com/1.jpg,5,2
669,Royal,Dr. Will Ernser IV,Jennie,980,980,931,882,https://life.gjirafa.com/1.jpg,3,2
670,Newton,Oren Vandervort DDS,Ibrahim,486,486,461.7,437.4,https://life.gjirafa.com/1.jpg,1,1
671,Bridgette,Armand Hildegard Schultz II,Shannon,310,310,294.5,279,https://life.gjirafa.com/1.jpg,8,5
672,Lucas,Dorcas Feeney I,Ewald,283,283,268.85,254.7,https://life.gjirafa.com/1.jpg,1,2
673,Sidney,Mrs. Stacey Hermiston PhD,Jailyn,302,302,286.9,271.8,https://life.gjirafa.com/1.jpg,10,5
674,Murl,Edward Luettgen,Kaitlyn,572,572,543.4,514.8,https://life.gjirafa.com/1.jpg,2,5
675,Carmen,Felicita Windler,Maia,913,913,867.35,821.7,https://life.gjirafa.com/1.jpg,9,3
676,Seth,Mrs. Gabe Flatley III,Matilde,901,901,855.95,810.9,https://life.gjirafa.com/1.jpg,8,2
677,Karlee,General Hodkiewicz,Conrad,49,49,46.55,44.1,https://life.gjirafa.com/1.jpg,9,5
678,Douglas,Alexandrine Pagac,Enoch,135,135,128.25,121.5,https://life.gjirafa.com/1.jpg,2,1
679,Darius,Lisette Hessel Sr.,Elena,321,321,304.95,288.9,https://life.gjirafa.com/1.jpg,7,2
680,Jazmyn,Prof. Jessica Howard Shields,Elian,640,640,608,576,https://life.gjirafa.com/1.jpg,1,2
681,Forrest,Dr. Julio Kuhlman,Mariane,40,40,38,36,https://life.gjirafa.com/1.jpg,1,4
682,Antoinette,Mossie Wintheiser Jr.,Citlalli,608,608,577.6,547.2,https://life.gjirafa.com/1.jpg,1,1
683,Stacy,Mr. Libby Robel,Nickolas,399,399,379.05,359.1,https://life.gjirafa.com/1.jpg,9,2
684,Theresa,Eulah Tromp,Reanna,662,662,628.9,595.8,https://life.gjirafa.com/1.jpg,4,1
685,Ila,Yessenia Bergnaum,Ahmed,579,579,550.05,521.1,https://life.gjirafa.com/1.jpg,6,4
686,Jewell,Malachi Gaylord,Kody,621,621,589.95,558.9,https://life.gjirafa.com/1.jpg,5,5
687,Rafael,Sage Tremblay,Amy,833,833,791.35,749.7,https://life.gjirafa.com/1.jpg,4,2
688,Orland,Elva Pacocha,Haley,730,730,693.5,657,https://life.gjirafa.com/1.jpg,2,4
689,Johnson,Ursula Daniel V,Kristina,674,674,640.3,606.6,https://life.gjirafa.com/1.jpg,4,4
690,Abdullah,Emmitt Grady Jr.,Dax,256,256,243.2,230.4,https://life.gjirafa.com/1.jpg,4,3
691,Verda,Miss Brenda Glenna Schuppe IV,Ron,629,629,597.55,566.1,https://life.gjirafa.com/1.jpg,9,3
692,Annetta,Darby Yost,Laura,638,638,606.1,574.2,https://life.gjirafa.com/1.jpg,9,4
693,Selmer,Bridgette Metz,Sherman,484,484,459.8,435.6,https://life.gjirafa.com/1.jpg,1,3
694,Stewart,Maverick Gutkowski,Jazmyn,441,441,418.95,396.9,https://life.gjirafa.com/1.jpg,1,5
695,Hermann,Mellie Rowe,Fausto,97,97,92.15,87.3,https://life.gjirafa.com/1.jpg,1,2
696,Garrett,Laisha Orland McDermott PhD,Roslyn,472,472,448.4,424.8,https://life.gjirafa.com/1.jpg,8,3
697,Randi,Miss Heaven Dion Bode Sr.,Gene,930,930,883.5,837,https://life.gjirafa.com/1.jpg,10,3
698,Cristina,Zoie Kris,Vernon,562,562,533.9,505.8,https://life.gjirafa.com/1.jpg,3,4
699,Joan,Mr. Emilie Marjorie Hodkiewicz,Travis,383,383,363.85,344.7,https://life.gjirafa.com/1.jpg,3,5
700,Tania,Milan Pfeffer II,Keon,107,107,101.65,96.3,https://life.gjirafa.com/1.jpg,1,5
701,Lamont,Ms. Amanda Cara Koch PhD,Stephen,438,438,416.1,394.2,https://life.gjirafa.com/1.jpg,7,4
702,Bettie,Dr. Kali Spencer,Sherman,953,953,905.35,857.7,https://life.gjirafa.com/1.jpg,9,5
703,Eulalia,Fay Green V,Jaylen,424,424,402.8,381.6,https://life.gjirafa.com/1.jpg,3,2
704,Philip,Lew Mya Willms II,Jada,169,169,160.55,152.1,https://life.gjirafa.com/1.jpg,4,1
705,Brendan,Dr. Rhoda Ernser IV,Violet,491,491,466.45,441.9,https://life.gjirafa.com/1.jpg,6,5
706,Myrna,Willis Kuhn,Mylene,262,262,248.9,235.8,https://life.gjirafa.com/1.jpg,5,5
707,Monte,Mr. Xavier Randi Strosin IV,Verda,412,412,391.4,370.8,https://life.gjirafa.com/1.jpg,7,2
708,Otha,Jordane Cruickshank,Drake,508,508,482.6,457.2,https://life.gjirafa.com/1.jpg,7,3
709,Bridget,Amelia Bradtke,Adriel,915,915,869.25,823.5,https://life.gjirafa.com/1.jpg,10,4
710,Dovie,Pietro Bailey,Raegan,284,284,269.8,255.6,https://life.gjirafa.com/1.jpg,7,4
711,Melba,Cathryn Joe Turcotte II,Jeramy,624,624,592.8,561.6,https://life.gjirafa.com/1.jpg,10,4
712,Bud,Daren Erdman,Theodore,808,808,767.6,727.2,https://life.gjirafa.com/1.jpg,1,4
713,Rowena,Bethany Wolff,Mireille,922,922,875.9,829.8,https://life.gjirafa.com/1.jpg,7,5
714,Lacey,Rosina Wintheiser,Mabel,972,972,923.4,874.8,https://life.gjirafa.com/1.jpg,2,1
715,Timmothy,Miss Ciara Pfeffer IV,Dalton,682,682,647.9,613.8,https://life.gjirafa.com/1.jpg,2,3
716,Sierra,Breanne Renner DDS,Magali,51,51,48.45,45.9,https://life.gjirafa.com/1.jpg,2,5
717,Price,Mr. Kayla Shannon King,Wilson,560,560,532,504,https://life.gjirafa.com/1.jpg,10,4
718,Krystal,Elda Lowe,Reece,84,84,79.8,75.6,https://life.gjirafa.com/1.jpg,9,1
719,Porter,Prof. Lucile Fay,Elda,581,581,551.95,522.9,https://life.gjirafa.com/1.jpg,1,2
720,Haven,Ford Kshlerin Jr.,Ansley,4,4,3.8,3.6,https://life.gjirafa.com/1.jpg,5,1
721,Melany,Caitlyn Hermiston,Genesis,239,239,227.05,215.1,https://life.gjirafa.com/1.jpg,7,4
722,Rosalyn,Vena Oberbrunner,Melany,813,813,772.35,731.7,https://life.gjirafa.com/1.jpg,10,3
723,Marcelino,Dr. Deondre Botsford,Rosario,433,433,411.35,389.7,https://life.gjirafa.com/1.jpg,10,3
724,Laura,Emie Paucek,Adolphus,759,759,721.05,683.1,https://life.gjirafa.com/1.jpg,6,5
725,Claire,Gonzalo Krajcik,Mireille,951,951,903.45,855.9,https://life.gjirafa.com/1.jpg,3,2
726,Jace,Wilfred Rodriguez,Luis,848,848,805.6,763.2,https://life.gjirafa.com/1.jpg,3,1
727,Ines,Judd Kylee Leuschke III,Mitchel,728,728,691.6,655.2,https://life.gjirafa.com/1.jpg,4,4
728,Jude,Axel Hettinger,Shanelle,770,770,731.5,693,https://life.gjirafa.com/1.jpg,7,5
729,Hudson,Elinor Erdman,Otto,822,822,780.9,739.8,https://life.gjirafa.com/1.jpg,5,3
730,Bryce,Elmo Pouros,Rahul,692,692,657.4,622.8,https://life.gjirafa.com/1.jpg,1,2
731,Ida,Emmanuelle Bergnaum,Mose,49,49,46.55,44.1,https://life.gjirafa.com/1.jpg,5,5
732,Gwendolyn,Mariano Lemke,Violette,622,622,590.9,559.8,https://life.gjirafa.com/1.jpg,1,1
733,Tre,Dr. Abigail Michael Johns Jr.,Kenyon,80,80,76,72,https://life.gjirafa.com/1.jpg,1,3
734,Nannie,Kitty Turcotte,Genoveva,704,704,668.8,633.6,https://life.gjirafa.com/1.jpg,9,2
735,Sylvia,Mckayla Osinski,Delfina,463,463,439.85,416.7,https://life.gjirafa.com/1.jpg,1,3
736,Alta,Edna Arnoldo Abbott Sr.,Sonya,24,24,22.8,21.6,https://life.gjirafa.com/1.jpg,3,4
737,Nicholas,Rowland O'Connell,Maybell,658,658,625.1,592.2,https://life.gjirafa.com/1.jpg,9,4
738,Naomie,Terrell Mraz,Kendra,256,256,243.2,230.4,https://life.gjirafa.com/1.jpg,1,1
739,Reinhold,Oscar Bergstrom,Hulda,550,550,522.5,495,https://life.gjirafa.com/1.jpg,7,4
740,Iva,Ms. Mathilde Hilpert PhD,Colleen,868,868,824.6,781.2,https://life.gjirafa.com/1.jpg,2,4
741,Abdiel,Coy Adams,Jean,916,916,870.2,824.4,https://life.gjirafa.com/1.jpg,3,4
742,Jadon,Christian Kunze,Vladimir,867,867,823.65,780.3,https://life.gjirafa.com/1.jpg,4,2
743,Kaia,Norris Stark PhD,Lilian,121,121,114.95,108.9,https://life.gjirafa.com/1.jpg,10,1
744,Brandyn,Eleazar Bins,Laurie,722,722,685.9,649.8,https://life.gjirafa.com/1.jpg,10,3
745,Oren,Sigmund Schumm,Warren,685,685,650.75,616.5,https://life.gjirafa.com/1.jpg,2,1
746,Ashleigh,Sage Bins,Matt,177,177,168.15,159.3,https://life.gjirafa.com/1.jpg,6,4
747,Coby,Gregorio Padberg,Gretchen,240,240,228,216,https://life.gjirafa.com/1.jpg,10,5
748,Beverly,Genevieve Gerhold,Hilbert,923,923,876.85,830.7,https://life.gjirafa.com/1.jpg,8,2
749,Mitchell,Adolfo Collins,Scot,501,501,475.95,450.9,https://life.gjirafa.com/1.jpg,4,2
750,Maribel,Ferne Heller,Sienna,120,120,114,108,https://life.gjirafa.com/1.jpg,4,3
751,Lee,Samson Ethelyn Brown Jr.,Zella,516,516,490.2,464.4,https://life.gjirafa.com/1.jpg,5,4
752,Mina,Rylan Ullrich,Khalid,612,612,581.4,550.8,https://life.gjirafa.com/1.jpg,9,1
753,Cleora,Akeem Fay,Wanda,678,678,644.1,610.2,https://life.gjirafa.com/1.jpg,5,2
754,Patsy,Dr. Vernice Lesch,Bernadine,613,613,582.35,551.7,https://life.gjirafa.com/1.jpg,9,4
755,Nestor,Corrine Haag PhD,Alisha,829,829,787.55,746.1,https://life.gjirafa.com/1.jpg,5,5
756,Mary,Prof. Arjun Tara Walsh V,Marcia,937,937,890.15,843.3,https://life.gjirafa.com/1.jpg,9,2
757,Emmet,Edgar Stark,Lilian,432,432,410.4,388.8,https://life.gjirafa.com/1.jpg,4,3
758,Litzy,Ora Hessel,Korey,857,857,814.15,771.3,https://life.gjirafa.com/1.jpg,1,3
759,Isaias,Rahsaan Hegmann,Tyrell,249,249,236.55,224.1,https://life.gjirafa.com/1.jpg,3,3
760,Clarissa,Maia Roberts,Maggie,256,256,243.2,230.4,https://life.gjirafa.com/1.jpg,9,2
761,Nicklaus,Jeffrey Herman,Monserrate,104,104,98.8,93.6,https://life.gjirafa.com/1.jpg,5,5
762,Jayce,Miss Clinton Meagan O'Connell,Mandy,521,521,494.95,468.9,https://life.gjirafa.com/1.jpg,10,4
763,Ericka,Mae Emmerich,Fausto,761,761,722.95,684.9,https://life.gjirafa.com/1.jpg,8,5
764,Kyra,Brook Waters,Jettie,421,421,399.95,378.9,https://life.gjirafa.com/1.jpg,3,1
765,Eunice,Dr. Estell Keyon Orn MD,Chris,178,178,169.1,160.2,https://life.gjirafa.com/1.jpg,3,2
766,Elian,Kenyatta Balistreri,Ervin,100,100,95,90,https://life.gjirafa.com/1.jpg,7,4
767,Adaline,Madonna Weber,Esperanza,916,916,870.2,824.4,https://life.gjirafa.com/1.jpg,8,3
768,Rachelle,Dr. Peter Abbie Wiza I,Kelton,159,159,151.05,143.1,https://life.gjirafa.com/1.jpg,5,3
769,Monserrate,Joey Stiedemann,Jesus,27,27,25.65,24.3,https://life.gjirafa.com/1.jpg,10,4
770,Buford,Wade Homenick,Julianne,32,32,30.4,28.8,https://life.gjirafa.com/1.jpg,5,1
771,Demetris,Thomas Durgan,Dan,971,971,922.45,873.9,https://life.gjirafa.com/1.jpg,1,3
772,Arvid,Susan Dickens,Anna,206,206,195.7,185.4,https://life.gjirafa.com/1.jpg,3,2
773,Piper,Aimee Cronin,Martine,549,549,521.55,494.1,https://life.gjirafa.com/1.jpg,7,2
774,Morgan,Howard Hettinger,Eliza,899,899,854.05,809.1,https://life.gjirafa.com/1.jpg,6,2
775,Naomi,Mandy Keebler,Lula,366,366,347.7,329.4,https://life.gjirafa.com/1.jpg,6,3
776,Virginie,Prof. Opal Ritchie,Lauryn,571,571,542.45,513.9,https://life.gjirafa.com/1.jpg,8,4
777,Emmitt,Darrick Marks,Ubaldo,793,793,753.35,713.7,https://life.gjirafa.com/1.jpg,4,5
778,Hardy,Jordon Roob,Elenor,433,433,411.35,389.7,https://life.gjirafa.com/1.jpg,3,3
779,Bernard,Narciso Howell,Jovanny,775,775,736.25,697.5,https://life.gjirafa.com/1.jpg,4,3
780,Ursula,Allison Conn II,Freida,309,309,293.55,278.1,https://life.gjirafa.com/1.jpg,3,3
781,Magdalen,Conner Lowe,Lenora,203,203,192.85,182.7,https://life.gjirafa.com/1.jpg,3,4
782,Kian,Prof. Trycia Kiana Larkin DDS,Levi,436,436,414.2,392.4,https://life.gjirafa.com/1.jpg,1,1
783,Shanna,Lourdes Heidenreich,Dion,93,93,88.35,83.7,https://life.gjirafa.com/1.jpg,10,4
784,Federico,Pietro Hudson IV,Leon,931,931,884.45,837.9,https://life.gjirafa.com/1.jpg,7,4
785,Asia,Loyce Mitchell,Ottis,898,898,853.1,808.2,https://life.gjirafa.com/1.jpg,3,4
786,Darryl,Dr. Nadia Howe II,Cristina,857,857,814.15,771.3,https://life.gjirafa.com/1.jpg,9,3
787,Torrance,Alphonso Lemke Sr.,Lance,319,319,303.05,287.1,https://life.gjirafa.com/1.jpg,2,5
788,Wellington,Shaylee Bartoletti,Janelle,643,643,610.85,578.7,https://life.gjirafa.com/1.jpg,4,5
789,Kurtis,Miss Clarabelle Dach,Jessie,85,85,80.75,76.5,https://life.gjirafa.com/1.jpg,7,1
790,Victor,Mrs. Murl Wilson Harvey,Nathanael,398,398,378.1,358.2,https://life.gjirafa.com/1.jpg,2,1
791,Destinee,Kari Reichert,Weston,103,103,97.85,92.7,https://life.gjirafa.com/1.jpg,9,5
792,Godfrey,Barton Hessel V,Alta,564,564,535.8,507.6,https://life.gjirafa.com/1.jpg,9,5
793,Judge,Sam Murray,Coleman,352,352,334.4,316.8,https://life.gjirafa.com/1.jpg,1,4
794,Brandi,Elton Sawayn,Laron,439,439,417.05,395.1,https://life.gjirafa.com/1.jpg,2,3
795,Zackary,Tia Wunsch,Toni,80,80,76,72,https://life.gjirafa.com/1.jpg,3,5
796,Augustus,Prof. Rosario Soledad Mraz,Chase,921,921,874.95,828.9,https://life.gjirafa.com/1.jpg,1,2
797,Elaina,Kara Trantow Sr.,Antonetta,586,586,556.7,527.4,https://life.gjirafa.com/1.jpg,4,1
798,Cordelia,Ms. Ronaldo Omari Schmeler,Warren,859,859,816.05,773.1,https://life.gjirafa.com/1.jpg,4,4
799,Paige,Ms. Ludwig Johnston,Jovany,349,349,331.55,314.1,https://life.gjirafa.com/1.jpg,6,4
800,Roxane,Josiane Keeling,Holly,489,489,464.55,440.1,https://life.gjirafa.com/1.jpg,7,1
801,Daniela,Dr. Celestino Reilly Sawayn Jr.,Ernestina,820,820,779,738,https://life.gjirafa.com/1.jpg,2,5
802,Abigail,Burley Lebsack V,Kellen,46,46,43.7,41.4,https://life.gjirafa.com/1.jpg,5,1
803,Daphney,Danyka Borer,Fae,259,259,246.05,233.1,https://life.gjirafa.com/1.jpg,2,3
804,Jefferey,Mr. Rupert Louie Moore,Jules,113,113,107.35,101.7,https://life.gjirafa.com/1.jpg,1,1
805,Orpha,Milan Boyer,Marco,517,517,491.15,465.3,https://life.gjirafa.com/1.jpg,9,2
806,Keanu,Prof. Theron Lakin,Sidney,382,382,362.9,343.8,https://life.gjirafa.com/1.jpg,9,3
807,Mortimer,Prof. Christ Simonis DVM,Nick,155,155,147.25,139.5,https://life.gjirafa.com/1.jpg,9,1
808,Marvin,Dr. Monty Baumbach V,Jules,247,247,234.65,222.3,https://life.gjirafa.com/1.jpg,3,5
809,Bailee,Phoebe Torp,Gretchen,539,539,512.05,485.1,https://life.gjirafa.com/1.jpg,9,5
810,Gracie,Lenny Torp,Bernadette,687,687,652.65,618.3,https://life.gjirafa.com/1.jpg,5,1
811,Wilburn,Taurean Langosh,Penelope,60,60,57,54,https://life.gjirafa.com/1.jpg,6,1
812,Annamae,Clotilde Walter,Jovanny,31,31,29.45,27.9,https://life.gjirafa.com/1.jpg,5,1
813,Dolores,Darrick Halvorson,Chad,636,636,604.2,572.4,https://life.gjirafa.com/1.jpg,9,3
814,Omer,Rosie Schroeder,Lauretta,759,759,721.05,683.1,https://life.gjirafa.com/1.jpg,6,4
815,Leatha,Reva Renner,Delphine,851,851,808.45,765.9,https://life.gjirafa.com/1.jpg,8,2
816,Ashtyn,Denis Brekke,Maureen,950,950,902.5,855,https://life.gjirafa.com/1.jpg,1,2
817,Bill,Mr. Austin Schneider II,Sienna,92,92,87.4,82.8,https://life.gjirafa.com/1.jpg,8,1
818,Addie,Melody Ratke,Kaleb,281,281,266.95,252.9,https://life.gjirafa.com/1.jpg,8,1
819,Clifford,Ms. Wyatt Foster Sawayn,Betsy,296,296,281.2,266.4,https://life.gjirafa.com/1.jpg,4,5
820,Montana,Dr. Viviane Chaim Goldner I,Joshuah,567,567,538.65,510.3,https://life.gjirafa.com/1.jpg,4,3
821,Leila,Mathilde Tatyana Kunze Sr.,Curtis,341,341,323.95,306.9,https://life.gjirafa.com/1.jpg,4,2
822,Carroll,Mrs. Nathanial Henri McGlynn II,Heidi,42,42,39.9,37.8,https://life.gjirafa.com/1.jpg,5,3
823,Doris,Jo Buckridge,Matt,31,31,29.45,27.9,https://life.gjirafa.com/1.jpg,4,4
824,Iliana,Sheila Schmeler,Marty,587,587,557.65,528.3,https://life.gjirafa.com/1.jpg,2,2
825,Donald,Lowell Rice,Miracle,53,53,50.35,47.7,https://life.gjirafa.com/1.jpg,4,3
826,Candace,Christiana Dario Corkery II,Cornell,111,111,105.45,99.9,https://life.gjirafa.com/1.jpg,10,5
827,Melvina,Devonte Hessel,Noel,737,737,700.15,663.3,https://life.gjirafa.com/1.jpg,1,1
828,Edgardo,Dante Littel,Desmond,34,34,32.3,30.6,https://life.gjirafa.com/1.jpg,3,3
829,Bulah,Athena Marvin,Rosalyn,445,445,422.75,400.5,https://life.gjirafa.com/1.jpg,4,3
830,Daryl,Lauryn Bechtelar,Quincy,707,707,671.65,636.3,https://life.gjirafa.com/1.jpg,9,5
831,Paolo,Mr. Judd Funk,Tomas,917,917,871.15,825.3,https://life.gjirafa.com/1.jpg,1,3
832,Ian,Derick Gulgowski,Rodrigo,203,203,192.85,182.7,https://life.gjirafa.com/1.jpg,4,1
833,Gerald,Mr. Lyla Wendell Ullrich I,Bonnie,601,601,570.95,540.9,https://life.gjirafa.com/1.jpg,6,1
834,Okey,Shayna Wolff,Archibald,904,904,858.8,813.6,https://life.gjirafa.com/1.jpg,3,2
835,Demarco,Lesly Mertz,Tessie,542,542,514.9,487.8,https://life.gjirafa.com/1.jpg,6,4
836,Jo,Scarlett Robb Leuschke Jr.,Sid,129,129,122.55,116.1,https://life.gjirafa.com/1.jpg,10,2
837,Amya,Lorenzo Leuschke,Iva,192,192,182.4,172.8,https://life.gjirafa.com/1.jpg,4,1
838,Maye,Friedrich Lehner,Arturo,601,601,570.95,540.9,https://life.gjirafa.com/1.jpg,4,1
839,Tommie,Marge Herzog,Timmy,486,486,461.7,437.4,https://life.gjirafa.com/1.jpg,2,4
840,Connor,Jimmie Koss,Ramon,349,349,331.55,314.1,https://life.gjirafa.com/1.jpg,8,2
841,Bell,Griffin Shanahan,Mavis,682,682,647.9,613.8,https://life.gjirafa.com/1.jpg,7,1
842,Cora,Camila Rohan,Arthur,504,504,478.8,453.6,https://life.gjirafa.com/1.jpg,7,4
843,Adolph,Orval Delores Lynch Jr.,Monica,320,320,304,288,https://life.gjirafa.com/1.jpg,2,4
844,Myra,Adele Howe,Nelda,174,174,165.3,156.6,https://life.gjirafa.com/1.jpg,5,4
845,Enid,Lavinia Demarcus Hartmann Sr.,Omari,797,797,757.15,717.3,https://life.gjirafa.com/1.jpg,1,4
846,Trenton,Vince Spencer,Ansel,489,489,464.55,440.1,https://life.gjirafa.com/1.jpg,5,4
847,Josiane,Mrs. Lucio Derek Hayes MD,Trent,712,712,676.4,640.8,https://life.gjirafa.com/1.jpg,2,4
848,Claudia,Guiseppe Legros,Elyssa,937,937,890.15,843.3,https://life.gjirafa.com/1.jpg,2,5
849,Kris,Wendy West,Jovany,208,208,197.6,187.2,https://life.gjirafa.com/1.jpg,6,4
850,Ignatius,Ms. Ella Lorena Kohler,Nils,766,766,727.7,689.4,https://life.gjirafa.com/1.jpg,3,4
851,Drake,Emory Lilyan Swift I,Cassidy,214,214,203.3,192.6,https://life.gjirafa.com/1.jpg,6,3
852,Lorenzo,Dr. Kenyon Brakus,Keanu,646,646,613.7,581.4,https://life.gjirafa.com/1.jpg,2,2
853,Keith,Jacinthe Swift,Bud,768,768,729.6,691.2,https://life.gjirafa.com/1.jpg,4,5
854,Judy,Chaya Batz,Vivien,461,461,437.95,414.9,https://life.gjirafa.com/1.jpg,5,1
855,Michaela,Virginia Calista Gusikowski Sr.,Pasquale,404,404,383.8,363.6,https://life.gjirafa.com/1.jpg,7,4
856,Jimmy,Prof. Burnice Antonetta Strosin V,Jerod,941,941,893.95,846.9,https://life.gjirafa.com/1.jpg,1,5
857,Shane,Pansy Skiles,Brannon,404,404,383.8,363.6,https://life.gjirafa.com/1.jpg,4,4
858,Coy,Bette Powlowski,Deja,266,266,252.7,239.4,https://life.gjirafa.com/1.jpg,8,2
859,Doug,Prof. Davon Cormier,Aylin,703,703,667.85,632.7,https://life.gjirafa.com/1.jpg,9,3
860,Torrey,Carlee Kuhlman,Brenden,23,23,21.85,20.7,https://life.gjirafa.com/1.jpg,5,3
861,Domenick,Garret Kunde,Aubrey,850,850,807.5,765,https://life.gjirafa.com/1.jpg,4,1
862,Rogers,Wiley Wiza,Conor,892,892,847.4,802.8,https://life.gjirafa.com/1.jpg,2,1
863,Hilton,Dr. Anahi Metz PhD,Iva,76,76,72.2,68.4,https://life.gjirafa.com/1.jpg,2,2
864,Ludwig,Miss Jacinthe Kutch Jr.,Isabella,187,187,177.65,168.3,https://life.gjirafa.com/1.jpg,6,1
865,Bernadette,Green Oberbrunner,Donna,141,141,133.95,126.9,https://life.gjirafa.com/1.jpg,2,2
866,Maida,Lou Gibson,Emely,24,24,22.8,21.6,https://life.gjirafa.com/1.jpg,8,1
867,Salvatore,Kaya Swaniawski PhD,Jay,529,529,502.55,476.1,https://life.gjirafa.com/1.jpg,7,4
868,Lucio,Miss Winona Marquardt MD,Jacky,94,94,89.3,84.6,https://life.gjirafa.com/1.jpg,1,3
869,Dee,Ms. Rossie Kariane Bartell MD,Kamren,357,357,339.15,321.3,https://life.gjirafa.com/1.jpg,8,2
870,Nickolas,Rosetta Gerlach,Kaylin,18,18,17.1,16.2,https://life.gjirafa.com/1.jpg,7,4
871,Jalon,Milton Collins,Ibrahim,615,615,584.25,553.5,https://life.gjirafa.com/1.jpg,10,4
872,Katlynn,Alena Sporer,Alexandria,696,696,661.2,626.4,https://life.gjirafa.com/1.jpg,3,2
873,Christy,Emmy Ledner,Lisandro,269,269,255.55,242.1,https://life.gjirafa.com/1.jpg,8,3
874,Amina,Miss Lavonne Carli Fritsch II,Rachelle,841,841,798.95,756.9,https://life.gjirafa.com/1.jpg,8,3
875,Isabel,Heloise Crooks,Gino,216,216,205.2,194.4,https://life.gjirafa.com/1.jpg,6,5
876,Tanya,Mrs. Devin Lebsack MD,Shayne,215,215,204.25,193.5,https://life.gjirafa.com/1.jpg,10,2
877,Helena,Kenneth Johnston,Blair,641,641,608.95,576.9,https://life.gjirafa.com/1.jpg,3,5
878,John,Graham Mraz,Kenny,505,505,479.75,454.5,https://life.gjirafa.com/1.jpg,4,4
879,Nichole,Jameson O'Connell,Jaden,739,739,702.05,665.1,https://life.gjirafa.com/1.jpg,9,2
880,Brain,Sanford Schultz,Mary,36,36,34.2,32.4,https://life.gjirafa.com/1.jpg,8,2
881,Kendall,Abigayle Lehner,Omari,616,616,585.2,554.4,https://life.gjirafa.com/1.jpg,8,1
882,Bettye,Myles Johnson Rohan Jr.,Peter,799,799,759.05,719.1,https://life.gjirafa.com/1.jpg,7,5
883,Gilbert,Mr. Sophie Miller MD,Patsy,3,3,2.85,2.7,https://life.gjirafa.com/1.jpg,4,3
884,Erika,Jacinthe Roberts,Briana,46,46,43.7,41.4,https://life.gjirafa.com/1.jpg,1,5
885,Norris,Elyse Connelly,Kris,975,975,926.25,877.5,https://life.gjirafa.com/1.jpg,4,3
886,Benjamin,Mr. Hettie Kuhlman Sr.,Wilfredo,249,249,236.55,224.1,https://life.gjirafa.com/1.jpg,8,3
887,Dora,Giles Orn,Gonzalo,222,222,210.9,199.8,https://life.gjirafa.com/1.jpg,5,5
888,Domenic,Maddison Gusikowski IV,Yvette,48,48,45.6,43.2,https://life.gjirafa.com/1.jpg,8,2
889,Verla,Berta Olson,Nikko,429,429,407.55,386.1,https://life.gjirafa.com/1.jpg,8,3
890,Thurman,Mrs. Johanna Riley Marquardt,Jayde,457,457,434.15,411.3,https://life.gjirafa.com/1.jpg,10,5
891,Emelie,Dr. Rylee Reyes Rau MD,Daija,505,505,479.75,454.5,https://life.gjirafa.com/1.jpg,7,2
892,Willard,Murl Fisher,Gerard,836,836,794.2,752.4,https://life.gjirafa.com/1.jpg,5,5
893,Kayli,Cydney Leuschke,Amina,89,89,84.55,80.1,https://life.gjirafa.com/1.jpg,1,5
894,Marion,Sam Balistreri,Micaela,124,124,117.8,111.6,https://life.gjirafa.com/1.jpg,10,1
895,Brandy,Trycia Fisher,Stephon,961,961,912.95,864.9,https://life.gjirafa.com/1.jpg,2,5
896,Violette,Tommie Crist,Weston,873,873,829.35,785.7,https://life.gjirafa.com/1.jpg,1,5
897,Matteo,Aylin Kerluke,Vincenza,445,445,422.75,400.5,https://life.gjirafa.com/1.jpg,2,2
898,Pinkie,Anais Conroy,Nina,733,733,696.35,659.7,https://life.gjirafa.com/1.jpg,8,5
899,Tyler,Hazel Kovacek,Bernardo,784,784,744.8,705.6,https://life.gjirafa.com/1.jpg,1,1
900,Jaydon,Dayana Schumm,Demetris,969,969,920.55,872.1,https://life.gjirafa.com/1.jpg,10,2
901,Lucious,Mrs. Roel Leonor Rutherford DDS,Hector,106,106,100.7,95.4,https://life.gjirafa.com/1.jpg,4,1
902,Maritza,Mrs. Adelbert Torey Koepp,Guy,835,835,793.25,751.5,https://life.gjirafa.com/1.jpg,3,1
903,Lilliana,Jewell Brekke,Jadyn,96,96,91.2,86.4,https://life.gjirafa.com/1.jpg,5,4
904,Mohammed,Mrs. Marina Koepp,Ramiro,968,968,919.6,871.2,https://life.gjirafa.com/1.jpg,4,5
905,Elwyn,Dangelo Corkery,Solon,767,767,728.65,690.3,https://life.gjirafa.com/1.jpg,10,1
906,Einar,Mrs. Willie Aufderhar IV,Alvis,421,421,399.95,378.9,https://life.gjirafa.com/1.jpg,5,4
907,Tristian,Maximilian Bogisich,Eloise,448,448,425.6,403.2,https://life.gjirafa.com/1.jpg,9,2
908,Kathleen,Elnora Trycia Pfannerstill V,Emanuel,441,441,418.95,396.9,https://life.gjirafa.com/1.jpg,3,4
909,Bertha,Prof. Maida Bergstrom MD,Ahmed,617,617,586.15,555.3,https://life.gjirafa.com/1.jpg,10,2
910,Toy,Prof. Maudie Shanahan,Violette,564,564,535.8,507.6,https://life.gjirafa.com/1.jpg,2,4
911,Julien,Anastacio McKenzie,Daniela,61,61,57.95,54.9,https://life.gjirafa.com/1.jpg,5,5
912,Rocky,Annamarie Bahringer,Berta,731,731,694.45,657.9,https://life.gjirafa.com/1.jpg,4,3
913,Lavern,Yasmine Ryan,Tatum,827,827,785.65,744.3,https://life.gjirafa.com/1.jpg,5,1
914,Jadyn,Jamie Runolfsson DVM,Lisette,367,367,348.65,330.3,https://life.gjirafa.com/1.jpg,9,2
915,Lisandro,Aurelie Gleason Sr.,Elenora,429,429,407.55,386.1,https://life.gjirafa.com/1.jpg,8,4
916,Kamron,Brenda Price,Jamar,151,151,143.45,135.9,https://life.gjirafa.com/1.jpg,7,1
917,Zora,Ilene Dare,Sallie,878,878,834.1,790.2,https://life.gjirafa.com/1.jpg,5,4
918,Elody,Gayle Collier,Hobart,135,135,128.25,121.5,https://life.gjirafa.com/1.jpg,9,1
919,Adrianna,Kyler Thiel,Jarrod,29,29,27.55,26.1,https://life.gjirafa.com/1.jpg,8,1
920,Ned,Giuseppe Pfannerstill,Mabel,37,37,35.15,33.3,https://life.gjirafa.com/1.jpg,3,5
921,Marlee,Tyrese Glover,Marlon,116,116,110.2,104.4,https://life.gjirafa.com/1.jpg,10,1
922,Zena,Kay Lind,Cristian,231,231,219.45,207.9,https://life.gjirafa.com/1.jpg,8,3
923,Dessie,Queenie Abbott,German,97,97,92.15,87.3,https://life.gjirafa.com/1.jpg,10,5
924,Gene,Brenden Margarita Harber DDS,Johann,640,640,608,576,https://life.gjirafa.com/1.jpg,4,1
925,Asha,Prof. Uriel Jazmyn Erdman Jr.,Kimberly,853,853,810.35,767.7,https://life.gjirafa.com/1.jpg,8,2
926,Eliezer,Leatha Davis,Derrick,441,441,418.95,396.9,https://life.gjirafa.com/1.jpg,8,1
927,Kirsten,Miss Chelsey Emmanuelle Waelchi,Jovanny,83,83,78.85,74.7,https://life.gjirafa.com/1.jpg,2,2
928,Enos,Mrs. Annetta Roberts,Eleonore,423,423,401.85,380.7,https://life.gjirafa.com/1.jpg,5,2
929,Julie,Addie Jacobson,Bettye,115,115,109.25,103.5,https://life.gjirafa.com/1.jpg,10,3
930,Mable,Mrs. Easton Norbert Dickinson DDS,Noelia,32,32,30.4,28.8,https://life.gjirafa.com/1.jpg,6,3
931,Kenyatta,Ona Raphaelle Pacocha Sr.,Roberto,242,242,229.9,217.8,https://life.gjirafa.com/1.jpg,2,5
932,Andres,Queen Tromp,Amparo,916,916,870.2,824.4,https://life.gjirafa.com/1.jpg,3,5
933,Agnes,Dr. Sienna Elyse Trantow,Saige,674,674,640.3,606.6,https://life.gjirafa.com/1.jpg,8,2
934,Maynard,Kiara Bins,Hanna,122,122,115.9,109.8,https://life.gjirafa.com/1.jpg,9,1
935,Earnestine,Mateo Flossie Okuneva V,Ezequiel,105,105,99.75,94.5,https://life.gjirafa.com/1.jpg,8,1
936,Kip,Amari Predovic,D'angelo,115,115,109.25,103.5,https://life.gjirafa.com/1.jpg,3,2
937,Bertrand,Mrs. Cicero Rowe III,Missouri,851,851,808.45,765.9,https://life.gjirafa.com/1.jpg,5,2
938,Theo,Johnpaul Kevon Haag I,Yolanda,783,783,743.85,704.7,https://life.gjirafa.com/1.jpg,3,2
939,Jedediah,Bell Torphy,Odie,51,51,48.45,45.9,https://life.gjirafa.com/1.jpg,8,1
940,Wilma,Karley Wisozk,Krystal,706,706,670.7,635.4,https://life.gjirafa.com/1.jpg,3,3
941,Lilly,Miss Andy Toby Schiller Sr.,Oswaldo,193,193,183.35,173.7,https://life.gjirafa.com/1.jpg,2,4
942,Winston,Norma Howard Yundt Jr.,Winnifred,174,174,165.3,156.6,https://life.gjirafa.com/1.jpg,9,5
943,Pietro,Prof. Elody Vandervort,Rosemary,480,480,456,432,https://life.gjirafa.com/1.jpg,6,5
944,Milo,Miss Lafayette Jeramy Hessel,Louisa,305,305,289.75,274.5,https://life.gjirafa.com/1.jpg,9,2
945,Tressa,Dr. Jalen Pierre Vandervort DVM,Anita,774,774,735.3,696.6,https://life.gjirafa.com/1.jpg,9,4
946,Nicolette,Laverna Lehner,Dorian,198,198,188.1,178.2,https://life.gjirafa.com/1.jpg,8,3
947,Alex,Summer Ward,Marilyne,857,857,814.15,771.3,https://life.gjirafa.com/1.jpg,1,1
948,Trycia,Wilburn Fadel V,Santiago,666,666,632.7,599.4,https://life.gjirafa.com/1.jpg,8,1
949,Estel,Providenci Schultz,Rosetta,798,798,758.1,718.2,https://life.gjirafa.com/1.jpg,2,2
950,Gerda,Chase Paucek,Gilda,155,155,147.25,139.5,https://life.gjirafa.com/1.jpg,4,1
951,Kaylah,Ericka Abshire,Morgan,125,125,118.75,112.5,https://life.gjirafa.com/1.jpg,8,1
952,Harley,Theresia Bartell,Bettie,504,504,478.8,453.6,https://life.gjirafa.com/1.jpg,7,4
953,Leonor,Chaz Murphy,Mac,881,881,836.95,792.9,https://life.gjirafa.com/1.jpg,10,1
954,Cole,Genoveva Dicki Sr.,Lia,210,210,199.5,189,https://life.gjirafa.com/1.jpg,7,4
955,Shanel,Delilah Champlin,Susan,159,159,151.05,143.1,https://life.gjirafa.com/1.jpg,8,3
956,Niko,Candace Hauck,Nyasia,120,120,114,108,https://life.gjirafa.com/1.jpg,4,4
957,Boris,Eleanore Hackett I,Jeffrey,97,97,92.15,87.3,https://life.gjirafa.com/1.jpg,10,3
958,Norwood,Kianna Johnston III,Taryn,81,81,76.95,72.9,https://life.gjirafa.com/1.jpg,7,4
959,Laurianne,Norris Lindgren,Chyna,765,765,726.75,688.5,https://life.gjirafa.com/1.jpg,5,1
960,Narciso,Filiberto Kris,Abe,791,791,751.45,711.9,https://life.gjirafa.com/1.jpg,5,5
961,Breanna,Noel Cassin,Ken,245,245,232.75,220.5,https://life.gjirafa.com/1.jpg,3,3
962,Ferne,Alexa Braun,Arden,329,329,312.55,296.1,https://life.gjirafa.com/1.jpg,4,4
963,Vallie,Maryjane Hegmann,Ted,738,738,701.1,664.2,https://life.gjirafa.com/1.jpg,8,3
964,Megane,Mrs. Conrad Michelle Muller III,Vivien,655,655,622.25,589.5,https://life.gjirafa.com/1.jpg,2,4
965,Luciano,Savion Klein,Lucas,292,292,277.4,262.8,https://life.gjirafa.com/1.jpg,8,1
966,Myrtie,Mr. Malinda Wilhelmine Brekke,Lula,798,798,758.1,718.2,https://life.gjirafa.com/1.jpg,6,4
967,Lucius,Ernesto O'Connell,Jared,439,439,417.05,395.1,https://life.gjirafa.com/1.jpg,5,4
968,Sylvester,Arnulfo Padberg,Jonathon,856,856,813.2,770.4,https://life.gjirafa.com/1.jpg,5,4
969,Abraham,Piper Dietrich III,Caleb,187,187,177.65,168.3,https://life.gjirafa.com/1.jpg,3,2
970,Vernon,Ansley Blanda,Jordane,188,188,178.6,169.2,https://life.gjirafa.com/1.jpg,9,5
971,Gerhard,Gertrude Schultz,Ottis,34,34,32.3,30.6,https://life.gjirafa.com/1.jpg,1,1
972,Mayra,Dr. Walker Omer Barton MD,Triston,929,929,882.55,836.1,https://life.gjirafa.com/1.jpg,5,2
973,Alden,Dr. Caden Bergnaum PhD,Chance,937,937,890.15,843.3,https://life.gjirafa.com/1.jpg,1,3
974,Marco,Rhea Robel,Deven,222,222,210.9,199.8,https://life.gjirafa.com/1.jpg,1,1
975,Christine,Juanita Robel,Lane,965,965,916.75,868.5,https://life.gjirafa.com/1.jpg,4,4
976,Fred,Noel Effertz,Edgar,691,691,656.45,621.9,https://life.gjirafa.com/1.jpg,8,4
977,Brycen,Leonie Stehr MD,Graham,393,393,373.35,353.7,https://life.gjirafa.com/1.jpg,10,2
978,Audreanne,Filiberto Cummings,Amely,954,954,906.3,858.6,https://life.gjirafa.com/1.jpg,3,3
979,Yvonne,Ransom Adams,Shanna,556,556,528.2,500.4,https://life.gjirafa.com/1.jpg,8,4
980,Nikita,Yesenia Ziemann,Jade,385,385,365.75,346.5,https://life.gjirafa.com/1.jpg,5,5
981,Roselyn,Ms. Bradley Beer V,Silas,453,453,430.35,407.7,https://life.gjirafa.com/1.jpg,10,3
982,Marquise,Yasmin Collier,Idell,988,988,938.6,889.2,https://life.gjirafa.com/1.jpg,8,1
983,Arely,Shaina Wilkinson,Destinee,841,841,798.95,756.9,https://life.gjirafa.com/1.jpg,5,3
984,Jaiden,Miss Okey Mann,Ervin,707,707,671.65,636.3,https://life.gjirafa.com/1.jpg,2,4
985,Priscilla,Estelle Schoen,Maryam,24,24,22.8,21.6,https://life.gjirafa.com/1.jpg,7,5
986,Alexandro,Jarrell Deontae Pagac PhD,Baylee,601,601,570.95,540.9,https://life.gjirafa.com/1.jpg,7,3
987,Aubrey,Einar Spencer,Julio,989,989,939.55,890.1,https://life.gjirafa.com/1.jpg,1,2
988,Kiley,Mitchell Bernhard,Tanya,825,825,783.75,742.5,https://life.gjirafa.com/1.jpg,4,3
989,Coty,Miss Vilma Gaylord II,Otto,745,745,707.75,670.5,https://life.gjirafa.com/1.jpg,7,4
990,Marguerite,Reed Eichmann,Lucius,723,723,686.85,650.7,https://life.gjirafa.com/1.jpg,10,3
991,Virgil,Kara Armstrong,Kory,967,967,918.65,870.3,https://life.gjirafa.com/1.jpg,4,3
992,Ryley,Mr. Karolann Dicki,Erika,762,762,723.9,685.8,https://life.gjirafa.com/1.jpg,6,2
993,Ophelia,Oral Kling,Francis,948,948,900.6,853.2,https://life.gjirafa.com/1.jpg,9,2
994,Alena,Brittany Halvorson Sr.,Royce,327,327,310.65,294.3,https://life.gjirafa.com/1.jpg,6,4
995,Ramona,Kurt Hermiston,Zachery,602,602,571.9,541.8,https://life.gjirafa.com/1.jpg,8,5
996,Cydney,Walter Renner,Lysanne,677,677,643.15,609.3,https://life.gjirafa.com/1.jpg,1,3
997,Lonnie,Celine Walker,Princess,14,14,13.3,12.6,https://life.gjirafa.com/1.jpg,2,2
998,Elyssa,Mrs. Mustafa Dovie Nikolaus,Sandra,158,158,150.1,142.2,https://life.gjirafa.com/1.jpg,5,1
999,Zetta,Prof. Jenifer Kshlerin II,Dallas,741,741,703.95,666.9,https://life.gjirafa.com/1.jpg,7,3
1000,Noel,Arnoldo Blanda,Adah,342,342,324.9,307.8,https://life.gjirafa.com/1.jpg,4,4
1001,Randall,Fabiola Koch,Scarlett,473,473,449.35,425.7,https://life.gjirafa.com/1.jpg,10,5
